1311693.43,0.38
1240583.19,-1.09
1185502.49,-2.41
1145963.66,-4.23
1123874.26,-4.4
1123363.46,-4.44
1143067.45,-4.43
1203920.4,-4.33
1235552.53,-4.3
1309375.47,-4.27
1374002.69,-4.28
1443991.74,-3.76
1500844.27,0
1543874.39,0
1552964.27,0
1534563.68,0
1546070.96,0
1706244.14,1
1723079.91,6.34
1686242.17,5.88
1644676.19,5.81
1584934.98,5.7
1505729.56,6.51
1397898.83,2.75
1296008.18,0.49
1261662.23,0
1211179.86,0
1178302.61,-0.85
1165597.92,-4.12
1183031.38,-4.1
1221327.13,-4.26
1315574.04,-1.64
1394355.88,-1.29
1499611.42,3.61
1595385.31,7.49
1669397.6,12.36
1698261.43,10.72
1693087,11.25
1682811.05,0
1687794.84,0
1718343.91,0
1844941.24,2.96
1849935.45,5.85
1800446.91,5.6
1738673.42,1.82
1672692.01,0
1577806.62,0
1466351.97,0
1346408.94,0
1357615.49,-0.35
1288952.55,-4.26
1250716.67,-4.27
1237807.94,-4.3
1251612.01,-4.36
1286328.6,-4.17
1374477.43,-2.64
1441767.08,-0.25
1529911.22,-0.37
1630086.86,0
1703264.08,0
1721028.16,0
1739179.79,0.76
1748533.34,0
1770184.02,5.17
1827423.36,5.89
2042779.41,9.27
2086663.47,21.67
2047494.85,20.89
1985484.58,52.45
1902177.87,22.63
1779518.94,26.69
1628236.69,14.64
1531778.93,8.1
1454224.36,6.36
1415799.32,5.6
1405829.44,-0.02
1420746.32,-4.1
1494280.66,-0.93
1668982.5,1.32
1917948.43,9.81
1974659.91,18.86
1999576.96,15.91
2025574.48,14.51
2046300.04,5.89
2044840.92,14.34
2038989.17,13.89
2033549.22,13.31
2056571.21,11.49
2110940.78,16.53
2301902.48,30.79
2354870.82,48.69
2320459.37,39.26
2254917.73,37.12
2141735.4,30.54
1977754.01,27.53
1794880.57,25.26
1657504.05,25.69
1579012.26,61.53
1536048.71,29.23
1514904.72,27.51
1522926.59,26.15
1584850.42,14.34
1753322.3,15.2
1984732.13,29.57
2020075.37,39.33
2029818.26,76.26
2038558.32,29.53
2040286.3,29.02
2024363.12,27.6
2000929.37,24.44
1983094.93,8.13
1996034.42,5.98
2045099.77,12.1
2221052.52,29.74
2262835.76,31.7
2234682.04,29.86
2170672.28,30.6
2060482.9,22.78
1900606.88,17.44
1716199.78,4.83
1580280.3,3.1
1493869.55,0.38
1447366.54,0
1425159.74,0
1427623.14,0
1490167.3,-0.25
1650315.81,0.81
1885394.6,9.99
1915876.67,15.56
1933477.13,15.96
1935677.67,14.06
1932291.94,12.7
1927416.55,12.71
1926832.34,9.01
1908998.13,6.54
1912496.39,5.91
1975860.32,19.86
2146081.3,22.54
2178625.42,51.64
2148769.89,20.87
2081321.5,19.39
1974557.78,15.54
1822815.29,16.18
1646746.11,15.93
1511573.18,12.32
1426575.62,7.27
1382405.23,5.88
1362712.78,7.48
1370062.5,10.23
1436279.16,12.75
1601365.44,15.4
1839380.21,30.93
1868521.68,27.5
1888898.46,18.44
1905956.89,16.71
1902450.88,25.15
1898244.53,24.19
1892119.78,21.96
1891005.96,20.53
1903852.61,21.48
1934055.36,24.42
2090807.31,19.27
2128614.84,26.1
2098342.26,25.62
2038502.13,24.73
1939108.3,19.53
1792334.32,25.86
1622998.25,18.26
1487156.94,15.49
1403865.87,11.5
1354354.4,5.99
1332084.39,13.33
1339508.73,15.31
1401428.43,14.35
1560753.43,7.75
1797397.07,14.92
1835943.36,27.42
1874389.7,13.35
1915282.44,16.65
1920736.23,68.61
1911055.16,30.99
1905396.53,14.35
1902484.35,23.31
1898795.82,22.39
1941173.91,19.78
2059338.15,16.5
2060957.36,14.37
2016965.75,15.07
1961239.14,16.88
1884969.62,19.82
1758190.21,29.07
1612896.43,8.93
1473401.73,1.97
1382929.91,-0.93
1316126.21,-1
1273867.35,-3.92
1257965.61,-4.1
1273676.18,-4.22
1333853.88,-4.04
1460394.38,-1.96
1579312.73,-0.25
1675132.59,5.81
1756948.47,13.64
1809899.19,16.63
1830938.75,14.34
1826665.74,10.88
1797346.26,8.73
1792811.13,14.36
1794790.06,18.57
1919525.72,20.09
1930578.65,22.16
1875269.88,19.09
1805567.56,13.52
1725728.39,5.88
1624271.32,6.51
1505339.92,2.79
1378044.04,1.43
1286719.21,-0.98
1227794.03,-4.22
1192354.07,-4.03
1182315.31,-3.83
1193968.43,-1.71
1234693.7,1.36
1333936.99,8.67
1446912.43,8.73
1564806.03,5.33
1677159.89,0
1757042.34,0
1788588.7,0
1783641.38,3.2
1765579.92,0
1813831.01,0
1916250.25,0.47
2068022.8,3.87
2091354.01,10.83
2048600.75,6
1983824.73,5.86
1893718.55,6.57
1768008.3,6.6
1610565.86,4.27
1460451.24,1.44
1386380.67,0
1349594.03,-0.39
1344234.7,-1.36
1357247.39,-0.03
1431115.5,0
1600786.21,0
1849699.65,5.64
1883583.39,10.88
1924657.63,10.88
1955556.33,10.29
1978244.03,13.33
1989693.55,11.82
1984135.7,7.13
1974621.83,13.33
1975716.74,13.78
2018739.82,19.85
2200962.33,21.28
2256882.42,24.43
2234003.78,23.12
2163109.02,27.85
2013827.83,28.11
1847395.88,26.33
1671606.15,20.42
1546342.39,17.58
1460339.53,31.39
1421312.02,14.35
1408653.9,11.55
1420259.08,10.19
1483973.25,5.88
1644147.66,10.13
1877611.75,14.92
1924269.67,21.42
1936216.95,20.06
1964039.22,17.51
2011548.05,20.5
2034906.45,15.56
2050676.51,12.31
2054626.72,12.36
2048062.63,12.37
2078975.96,12.34
2250736.5,13.12
2291893.84,22.91
2260792.56,20.35
2188157.32,23.46
2081795.48,15.7
1920696.52,15.09
1753236.75,8.88
1611857.17,2.42
1534440.94,0.97
1490479.89,5.08
1472153.11,5.88
1479236.2,5.94
1544073.19,8.75
1720718.92,8.24
1972330.67,21.95
2008709.14,21.94
2048564.67,15
2065212.47,21.1
2054463.13,14.47
2044877.73,12.27
2050406.57,14.33
2053404.05,14.38
2078997.52,14.36
2120546.34,15.59
2265258.5,18.35
2303688.34,24.37
2268699.92,21.97
2201471.26,19.88
2094504.45,19.78
1932011.96,25.46
1753035.46,15.58
1650448.07,14.34
1567856.89,14.38
1520704.82,14.33
1495892.82,14.35
1500796.7,14.37
1560341.37,14.35
1725415.67,18.59
1971731.37,41.86
2011746.97,42.84
2051521.99,31.73
2068544.01,26.64
2072011.65,28.58
2035924.65,34.83
2020240.58,24.31
2005044.07,22.31
2028368.08,22.5
2064721.86,25.29
2221601.85,25.84
2255643.85,28.24
2236247.6,25.68
2173841.16,24.73
2075281.36,24.27
1911709.22,24.29
1728336.44,18.63
1559197.35,42.4
1471547.32,26.57
1416564.8,10.84
1390941.66,8.71
1393691.34,12.22
1452152.28,0
1620130.12,7.25
1864797.32,16.23
1930592.08,15.45
1958896.48,22.03
1978883.48,35.65
2001417.51,14.56
1986796.97,14.32
1971173.97,20.14
1964351.3,20.56
1977341.64,22.74
2022533.5,22.74
2111391.19,14.19
2112757.58,15.86
2071234.7,16.38
2008262,15.91
1910100.46,16.45
1773478.74,10.86
1617308.51,10.15
1489451.07,12.94
1399256.27,14.19
1343185.66,7.49
1309934.52,0
1295163.08,0
1313097.48,3.69
1373099.71,2.82
1509264.43,0
1632658.88,4.41
1767705.65,9.05
1848810.64,42.93
1857466.95,53.05
1837351.11,13.32
1819284.27,12.09
1809222.05,5.95
1839780.6,7.71
1893489.3,5.94
2036314.6,16.01
2052752.68,21.39
1993409.34,24.21
1925024.93,23.74
1847100.32,28.87
1747850.22,23.07
1635891.57,19.32
1518757.52,14.55
1430986.42,9.72
1369670.54,4.15
1334859.43,1.45
1321089.39,0
1330638.18,0
1367582.17,2.42
1475605.85,5.14
1576876.3,5.87
1687016.69,5.97
1771872.42,7.84
1832484.85,12.71
1872791.41,13.3
1875454.54,14.15
1868323.9,15.53
1896669.82,9.09
1962882.89,12.7
2134548.98,12.73
2179473.36,15.61
2141230.43,16.7
2084650.86,14.49
1993981.65,14.31
1855108.04,12.71
1695932.18,8.39
1551637.97,9.13
1469162.67,0
1430346.92,0
1420963.75,0
1433384.95,1.35
1505852.26,3.78
1678865.54,7.76
1938968.12,11.14
1990014.34,12.73
2042922.97,13.36
2091419.99,12.7
2104133.25,12.53
2080168.35,9.62
2062384.84,13.31
2048039.82,15.64
2050091.23,17.01
2098753.25,14.86
2264842.06,14
2320218.46,20.71
2294882.75,19.35
2227564.79,20.79
2123865.37,20.66
1960319.69,31.79
1778930.43,9.02
1635562.26,5.88
1562985.11,5.96
1522768.61,13.3
1510294.62,13.29
1522914.2,13.29
1589577.38,6.5
1764301.38,9.65
2005229.13,21.13
2033747.39,19.07
2062703.27,13.93
2080230.28,15.59
2077153.89,16.85
2063570.81,13.64
2062456.72,14.33
2079195.93,14.35
2092013.13,14.35
2123212.78,14.96
2256702.46,22.22
2293919.89,20.08
2259373.2,22.33
2190900.61,24.24
2078850.22,25.4
1912020.61,24.19
1728302.35,20.34
1442777.86,25.01
1361726.58,67.62
1321177.08,10.43
1306645.49,16.69
1311728.3,4.78
1371494.51,5.87
1526533.92,1.58
1759499.41,24.38
1810114.56,27.57
1836716.62,28.11
1863190.02,27
1871070.55,27.65
1837472.01,26.4
1833387.75,24.72
1815541.86,25.18
1822160.57,24.52
1857300.54,21.32
1993781.11,21.23
2035168.68,29.46
2018679.02,29.9
1970333.91,28.32
1870600.99,25.44
1718184.19,24.74
1551189.23,19.03
1421876.37,17.58
1343457.48,21.13
1299297.91,15.14
1279487.46,14.34
1287191.5,14.32
1351941.59,13.64
1503616.74,17.46
1728302.68,21.69
1758968.86,25.29
1788629.57,25.86
1786824.29,25.46
1802056.86,25.19
1809610.72,24.65
1822572.97,24.6
1820889.56,22.89
1818178.46,23.52
1856827.69,23.02
1999262.43,24.08
2042806.76,25.72
2020645.89,26.2
1970745.5,26.43
1875249.15,24.34
1731369.85,24.46
1569276.84,22.58
1442787.74,18.35
1367624.07,23.05
1325596.7,22.03
1309313.16,19.96
1318556.27,14.38
1379697.75,5.9
1516979.72,5.48
1722897.42,24.22
1789963.24,24.36
1832455.79,24.25
1839303.08,23.89
1824335.75,23.06
1810802.1,22.6
1784827.62,23.16
1789546.05,23.79
1796124.85,21.5
1800198,21.41
1925528.02,23.59
1976586.14,24.25
1949783.09,29.31
1896304.8,23.72
1817426.88,22.84
1701694.11,22.96
1567514.36,21.26
1444912.13,20.9
1368796.35,16.26
1323727.8,12.93
1298887.59,5.86
1294658.87,7.92
1316556.03,3.58
1378712.61,2.51
1509770.33,5.89
1604114.38,18.75
1681282.24,21.94
1725343.04,21.66
1755128.6,17.94
1754347.36,7.34
1728629.64,5.95
1704914.93,5.94
1706558.14,13.67
1731004.49,17.63
1883907.81,23.36
1952821.88,26.98
1909500.85,28.2
1851571.17,27.59
1775849.04,27.96
1675746.51,32.8
1560113.15,25.88
1447201.18,29.65
1364494.86,24.86
1316345.92,19.98
1291071.35,12.89
1280939.24,12.37
1288070.05,12.33
1325460.49,11.79
1418470.51,12.35
1501719.63,18.04
1619910.53,16.8
1700702.25,47.94
1763586.16,65.09
1779818.06,21.92
1776284.77,11.55
1767988.2,5.77
1782420.4,13.64
1810925.24,11.59
1943792.17,18.03
1981725.49,24.88
1936687.17,25.88
1869615.78,25.51
1774536.61,24.44
1635522.61,24.07
1473103.57,22.24
1317487.21,14.55
1238670.36,9.53
1198401.08,7.5
1178081.04,2.44
1182817.41,3.51
1245011.72,5.09
1395108.36,11.92
1619939.07,19.72
1665762.22,23.46
1716124.13,18.4
1756877.51,18
1753492.49,19.85
1747605.61,13.36
1749506.15,13.32
1702148.97,6.51
1692253.6,5.83
1718124.66,5.78
1868977.06,4.72
1954472.02,10.25
1926695.09,12.73
1858123.88,13.41
1745723.98,8.43
1590924.1,5.15
1421405.01,0
1287548.75,-0.37
1218403.93,-1.85
1175046.09,-4.53
1151559.72,-4.35
1156291.01,-4.48
1212343.4,-4.46
1356666.63,-3.6
1584511.95,-2.24
1627197.83,0
1641186.98,0
1675898.63,0
1725812.36,0
1749505.32,3.55
1751061.83,5.62
1751953.84,5.77
1756965.1,5.87
1793667.09,4.97
1899175.1,9.62
1916822.48,12.87
1888853.36,11.49
1831888.59,13.32
1733220.27,50.29
1583928.21,10.64
1431896.68,3.15
1305318.54,-0.37
1234721.45,-0.27
1192083.14,0
1175568.52,0
1193529.91,0
1258524.33,0
1409915.53,-0.86
1626325.67,7.34
1654687.31,28.22
1694491.78,45.71
1716398.15,33.76
1683394.65,14.33
1650335.65,8.94
1635694.96,7.91
1628653.72,14.34
1651595.1,14.25
1713706.84,14.33
1853244.39,14.29
1899772.64,16.15
1879178.77,14.25
1827922.54,13.23
1739895.36,11.54
1601488.43,2.83
1435288.34,0.87
1311751.37,-0.37
1238918.73,-1.39
1195222.48,-0.03
1173045.51,-0.9
1184142.24,-0.01
1248667.84,-0.01
1398628.86,-0.27
1629440.1,-0.25
1682827.35,0
1753245.58,0.39
1792418.17,5.89
1813787.78,4.01
1804304.41,0
1792208.73,0
1785513.6,0
1798890.65,0
1811253.23,3.12
1915727.08,4.13
1960713,14.19
1935606.24,17.63
1877779.37,16.74
1769523.25,14.4
1629786.44,6.64
1461153.77,0.85
1367922.78,0.11
1289497.51,0.48
1247012.92,0
1231250.88,0
1241530.68,0
1308884.52,0
1469447.41,0.79
1689683.48,3.36
1755254.43,4.76
1793029.28,5.94
1804290.01,5.97
1821405.28,9.84
1812897.38,6.72
1788612.15,6.72
1766578.65,13.63
1759683.57,6.07
1777958.34,8.72
1904464.36,20.22
1990419.18,44.32
1972267.65,54
1918114.85,25.34
1835995.64,24.14
1711558.27,16.19
1571226.99,12.91
1437896.87,8.69
1353526.89,9.84
1296547.57,4.11
1264820.76,3.13
1251557.35,0.8
1263728.9,-4.26
1317398.16,-0.63
1442713.6,0
1533446.35,0
1612154.04,0.39
1656135.02,0.78
1682605.72,0.39
1697344.87,1.96
1680466.14,5.82
1674635.4,5.74
1676744.21,5.7
1661709.86,2.95
1764428.47,2.23
1819482.79,4.81
1771048.81,5.93
1706715.1,5.83
1633643.77,2.62
1532334.34,0
1416096.8,-0.25
1288675.1,-0.84
1305537.18,-0.02
1246396.33,-2.85
1219096.75,-4.37
1204484.17,-4.43
1216247.84,-4.33
1254556.28,-4.33
1351155.15,-2.1
1441415.15,4.04
1555699.99,5.85
1636085.32,7.37
1670732.13,5.77
1675677.82,0.8
1637521.94,0.78
1649541.89,0
1684775.21,0
1775420.66,0
1909663.45,3.14
1922623.19,5.71
1869355.8,0
1802013.2,0
1702606.68,0
1574826.63,0
1415734.8,-1.67
1328899.32,-4.03
1256578.05,-4.48
1217982.91,-4.57
1212586.03,-4.73
1228182.19,-4.58
1299260.82,-4.46
1477187.09,-4.51
1713397.25,-2.5
1736772.73,2.55
1767478.48,5.92
1799092.87,5.76
1817077.86,9.94
1810761.67,4.19
1815521.82,1.64
1800853.8,0
1796764.44,0.42
1858796.51,3.01
1947661.55,12.38
2059575.57,18.36
2040984,22.13
1977610.87,22.73
1869184.55,18.13
1714522.12,20.14
1541447.05,11.3
1411136.56,10.87
1335822.69,13.37
1291216.67,12.49
1273741.27,13.32
1286707.09,13.19
1356841.58,13.34
1525792.75,4.51
1763435.44,88.24
1805016.44,13.76
1830832.79,12.81
1848931.67,10.9
1870699.23,5.82
1868601.25,5.58
1850384.62,6.58
1830302.76,5.89
1825505.51,2.11
1935214.9,5.86
2052284.77,5.02
2102825.22,8.86
2083601.02,5.89
2021744.88,5.72
1932346.16,5.43
1792555.13,5.75
1629339.37,10.62
1493934.07,6.36
1403600.37,5.18
1346629.22,0
1319853.71,-0.25
1321664.06,-3.52
1377171.53,-4.33
1532165,-2.39
1768008.2,-2.52
1800917.57,0
1823995.49,0
1861843.04,0
1868743.75,0
1832926.7,1.18
1791655.48,4.47
1747013.3,1.19
1735163.54,0
1775025.28,0
1860555.22,0
1979070.29,1.21
1967968.04,0
1916474.1,0
1812864.97,0
1664790.4,2.27
1497834.33,2.12
1369576.49,-0.36
1286881.97,-3.84
1244242.51,-4.4
1227834,-4.48
1237866.68,-4.39
1307353.88,-6.23
1485451.4,-1.29
1729522.92,4.27
1782382.78,9.92
1830821.7,13.69
1854422.78,18.02
1845974.63,13.71
1838480.08,13.79
1831637.35,13.63
1813679.07,13.66
1815708.5,13.69
1863438.57,13.7
1966306.28,20.99
2064638.19,44.56
2048443.89,37.26
1991517.4,20.42
1893135.41,16.89
1741335.08,15.53
1576656.93,11.36
1446185.23,13.74
1359833.21,12.16
1315499.02,7.06
1300604.16,5.89
1309961.91,4.9
1380192.45,5.87
1547838.9,3.64
1780213.35,21.66
1830134.79,48.57
1867155.98,16.81
1851839.36,25.82
1904119.35,13.32
1927672.53,12.1
1910841.74,0.4
1902018.4,5.82
1892588.75,7.8
1930298.14,10.23
1977813.24,15.9
2045283.7,23.18
2019182.26,16.68
1963062.28,14.42
1872406.08,13.48
1741608.65,10.85
1601178.4,5.41
1464558.26,2.86
1380050.31,1.1
1322770.53,-3.45
1289311.87,-3.78
1281549.31,-4.14
1305544.38,-4.18
1369947.15,-4.18
1502754.31,-3.74
1599270.37,-0.68
1676159.11,5.01
1754213.71,4.49
1800004.13,2.5
1797248.6,5.37
1761982.7,2.24
1734682.85,-0.27
1734080.17,-0.91
1755001.23,-1.21
1839929,0
1947971.36,3.35
1908842.36,5.95
1848267.8,5.82
1769370.27,0.79
1671393.16,0.39
1554117.72,2.09
1438369.29,-0.36
1367023.28,-2.44
1308723.88,-4.23
1281945.15,-4.19
1272642.08,-4.2
1284739.96,-4.2
1327462.53,-4.2
1416615.2,-4.18
1492025.75,-4.21
1569249.96,-3.6
1643656.59,-4.12
1705236.36,-0.61
1719458.66,0
1711401.19,0
1723873.28,0
1755371.16,0
1834821.83,1.85
1913629.14,2.73
1984878.85,3.98
1932896.49,3.68
1854290.73,0
1778301.86,0
1655662.41,0
1513595.47,0
1369518.83,0
1286854.15,0
1244730.86,5.73
1232027.8,0
1244166.16,0
1313433.23,0
1490199.77,5
1730676.16,13.56
1754220.6,38.18
1791557.22,30.54
1825031.46,14.34
1830185.19,13.43
1825314.75,13.44
1844841.96,20.12
1887231.84,21.72
1918484.35,21.66
1985698.16,22.77
2065944.66,24.05
2135821.13,35.88
2110051.25,25.34
2042792.93,20.51
1947079.25,25.28
1800563.48,53.69
1626255.84,41.33
1498360.22,26.85
1422964.6,13.51
1382463.44,9.67
1366409.51,5.99
1373567.49,5.95
1444640.46,6.01
1616067.12,9.07
1851070.91,9.87
1898314.44,16.31
1932673.16,14.96
1970370.14,27.77
1988007.93,30.41
1971682.12,21.79
1964919.77,19.25
1967612.1,23.92
1960654.66,22.27
2021210.72,13.35
2087213.25,13.16
2147602.91,13.28
2121625.54,13.25
2056143.19,13.31
1952851.45,16.37
1801069.13,12.13
1634767.26,9.04
1277155.73,6.66
1199239.84,0.48
1165391.47,0
1155052.93,0
1161326.25,0
1222175.55,0
1372420.46,1.97
1578969.84,8.86
1604881.51,13.99
1633620.77,13.32
1660812.25,13.9
1666838.85,14.72
1643222.28,12.22
1638442.5,12.19
1627960.62,11.69
1652273.88,9.11
1724928.77,15.21
1816925.29,18.08
1917765.93,28.68
1915924.66,23.48
1865632.72,19.72
1778699.18,17.15
1640079.4,12.3
1484104.78,3.63
1364583.26,2.11
1299356.34,0
1269455.29,0
1258893.37,0.99
1271136.56,4.47
1336252.53,0
1490613.54,4.66
1693712.53,20.32
1721065.41,25.04
1748634.65,20.43
1769706.92,21.28
1785989.19,18.43
1784469.31,17.18
1774999.98,17.76
1766269.88,13.03
1771615.03,8.92
1819495.62,13.58
1893850.96,13.92
2027452.92,35.67
2027506.11,80.45
1980545.94,51.9
1888670.57,35.26
1745551.52,22.74
1584290.2,17.28
1458015.44,11.13
1380785.47,9.38
1341291.45,5.46
1324390.89,1.45
1325892.36,3.96
1373995.85,8.53
1497038.94,7.31
1666162.73,15.65
1756221.63,23.77
1808265.36,23.58
1814947.49,13.41
1822607.21,12.67
1825839.62,6.62
1822050.39,5.39
1797983.94,5.89
1768963.1,5.87
1776506.31,5.99
1839856.18,5.99
1953515.04,10.69
1949871.72,15.14
1909888.25,14.17
1835383.67,7.82
1725502.75,6.49
1606682.34,1.46
1505881.95,0
1439801.28,0
1403533.44,0
1386000.56,0
1392163.61,0
1419444.97,0
1477172.25,0
1576634.58,2.11
1674529.04,38.65
1780214.82,74.05
1852169.19,123.81
1888982.51,9.1
1894410.44,10.88
1867233.83,3.1
1846402.91,11.81
1837712.83,2.93
1873536.34,4.92
1942714.26,12.5
2065295.74,27.51
2038008.64,128.57
1987615.44,321.7
1919599.75,28.56
1824383.07,22.25
1718071.04,15.21
1613360.8,16.08
1528403.73,52.24
1481300.39,92.71
1452245.99,17.73
1440605.89,12.77
1452019.66,19.55
1497827.5,21.19
1570459.51,22.74
1644042.23,23.67
1715223.81,21.27
1766965.79,21.19
1798080.41,22.05
1809438.98,19.9
1791810.14,19.03
1765882.01,12.28
1755210.89,12.31
1794956.78,14.68
1873016.4,19.47
1989258.36,23.63
1959880.54,24.25
1903041.82,21.04
1828332.61,14.57
1734573.27,13.06
1615865.63,9.1
1484802.01,9.07
1410573.09,1.46
1359577.27,2.91
1335509.8,5.82
1322453.51,0.96
1330654.01,5.99
1363582,5.51
1423388.36,27.31
1472841,53.33
1522584.18,16.18
1610696.1,12.71
1686298.3,5.98
1757693.79,16.19
1778807.73,19.17
1774045.21,21.22
1782038.42,22.55
1831955.48,22.06
1893118.56,44.46
1936204.14,36.03
1895103.4,25.75
1831692.08,21.37
1741180.76,21.39
1607862.06,18.36
1452827.35,16.12
1328245.73,16.38
1252256.9,14.35
1211601.65,14.34
1198439.59,8.03
1219460.43,5.86
1280602.56,8.24
1421502.41,7.89
1617444.11,14.69
1653637.41,21.31
1697151.66,59.43
1743528.13,618.4
1776490.68,60.9
1780740.96,23.37
1770542.25,20.5
1748269.19,19.58
1742389.08,21.35
1788101.06,21.05
1867563.78,14.03
1942653.61,17.97
1923427.93,19.96
1858770.41,20.07
1754274.77,20.17
1604538.22,20.88
1441086.62,21.6
1313177.9,66.13
1233779.73,13.34
1200508.33,25.59
1189778.63,16.05
1199990.37,20.4
1270362.85,19.64
1412433.94,12.68
1597802.46,23.65
1638355.55,6.01
1665156.64,6.62
1695473.98,139.67
1709976,76.09
1693044.71,10.15
1673701.37,5.91
1652292.08,6.88
1651138.83,5.94
1698886.31,5.94
1761422.42,11.03
1909565.18,15.98
1920820.99,19.14
1874542.68,19.95
1780488.69,20.49
1637164.63,20.34
1481156.52,19.52
1363091.96,20.81
1290580.21,20.32
1257150,18.16
1246684.65,18.07
1255520.6,37.66
1314490.81,16.82
1463560.45,18.16
1644553.47,14.95
1671674.7,16.16
1702278.78,11.56
1724111.32,11.05
1737053.32,13.72
1732341.08,12.28
1716395.72,14.23
1703520.36,8.16
1706486.74,5.75
1740093.22,4.14
1804703.2,8.51
1936564.11,15.5
1933221.05,14.09
1885344.04,12.03
1785712.49,10.91
1643299.89,5.84
1483767.1,1.47
1342515.73,0.4
1266973.51,0
1223678.22,0
1203440.38,-0.31
1202937.2,-1.55
1253221.88,-2.75
1392312.72,-0.5
1592053.73,0
1645125.23,2.81
1690462.24,0
1707203.95,0
1695669.98,0
1674405.4,1.35
1639283.85,0
1646277.63,0
1657821.1,0
1703411.35,0
1748074.72,0
1791722.82,0
1762220.61,0
1705537.42,0
1615617.64,1.19
1494605.28,0
1362623.23,-1
1241262.7,-2.77
1162604.76,-3.38
1109772.41,-4.23
1084509.9,-4.21
1074340.66,-4.19
1091296.24,-4.2
1143276.12,-4.22
1234348.48,-4.21
1320445.58,-3.64
1402720.16,-3.65
1471410.31,-3
1511376.09,-3
1487800.91,-3
1458686.18,-3
1430760.3,-3
1406001.37,-3
1442697.85,-3
1545590.41,-2.5
1634524.41,0.21
1605142.62,5.56
1549533.49,0
1474845.76,2.1
1387882.28,2.98
1282384.92,5.26
1169788.06,5.23
1093545.17,-1
1045724.51,-3.93
1018706.6,-4.28
1006814.29,-4.06
1019654.43,-4.13
1057623.29,-3.73
1130712.99,-3.98
1215872.43,-4.18
1296764.76,-2.8
1358614.58,-0.59
1393718.46,-4.01
1437451.54,-2.52
1430640.43,5.37
1442598.11,6.06
1447212.89,5.92
1495492.62,10.1
1567257.6,10.8
1717005.93,30.46
1712631.93,743.99
1659939.15,15.05
1571370.29,9.4
1447919.88,8.75
1299535.11,7.36
1167708.23,2.27
1098249.45,-3.83
1067038.26,-4.15
1057075.17,-4.15
1070166.33,-3.73
1137743.3,-4.06
1281649.19,-0.2
1462355.81,11.79
1486495.16,8.7
1502005.63,6.72
1527723.24,2.46
1542644.39,-4.11
1538154.61,-3.28
1526621.88,-1.01
1522349.5,-2
1538857.29,6.01
1584274.69,12.78
1643509.28,21.27
1793451.83,17.58
1807390.71,20.14
1752973.78,17.12
1656066.38,14.35
1507122.28,16.7
1354085.14,12.82
1231018.93,12.11
1158940.17,7.45
1123718.18,0
1109150.53,2.58
1118584.03,4.62
1181232.59,2.41
1324308.56,2.35
1505346.35,8.26
1519998.38,4.88
1520123.97,0
1536766.68,4.03
1551082.85,3.86
1550543.5,1.6
1541632.2,5.97
1533874.38,5.75
1545913.1,0.4
1582233.17,7.65
1649764.36,7.33
1786589.23,22.06
1795454.81,18.74
1745010.39,13.36
1642076.27,10.01
1511322.14,6.09
1358046.55,7.48
1237103.91,2.94
1167692.39,3.29
1129926.5,0.48
1113092.87,0
1123553.69,0
1185790.41,0
1331003.27,0
1553992.91,0
1601061.95,0
1645482.13,0
1695007.93,4.83
1730606.67,13.45
1737093.35,8.28
1729508.71,14.63
1712986.59,2.91
1725392.22,2.89
1779582.89,2.39
1832291.04,8.82
1875068.35,18.88
1843422.94,13.47
1774783.8,15.31
1663708.97,10
1516877.95,10.11
1354372.67,11.47
1236279.17,10.92
1155560.39,10.17
1120727.92,6.01
1102736.48,6.66
1111690.3,0
1176382.42,0
1319317.68,0
1503971.1,2.35
1550887.41,2.11
1602911.71,5.82
1644454.47,0.8
1668805.81,5.64
1681065.66,5.63
1688779.68,0
1693836.61,1.59
1707162.19,0
1751224.1,0
1785437.05,0
1878447.95,5.79
1886273.13,9.53
1835863.51,7.77
1738845.18,5.18
1602178.36,0
1448355.46,0.48
1339118.62,1.79
1269917.65,2.15
1230943.41,1.18
1224715.12,2.39
1236943.28,0
1301080.67,4.13
1440244.91,5.16
1612451.99,7.85
1652193.86,13.54
1671280.6,7.11
1676530.2,5.02
1670371.64,1.18
1650031.52,0
1636864.3,0
1620647.9,0
1623897.27,0
1662580.63,4.77
1699927.82,10.11
1824669.36,16.39
1837049.55,22.57
1791326.69,20.61
1706485.25,23.03
1591934.39,13.68
1455188.7,16
1334169.26,8.9
1254335.25,4.33
1207372.77,1.27
1180305.59,0
1169475.13,0
1182829.02,0
1235881.16,0
1333468.95,0
1432882.77,0
1488188.2,0
1535618.73,0
1567380.34,0
1578632.08,0
1549708.46,0
1539315.92,0
1544336.9,0
1596862.76,0
1646455.68,0
1733655.15,0
1698228.46,0
1637740.4,0
1558181.77,0
1451827.39,-0.25
1340899.69,-0.02
1231213.9,-3.18
1150731.97,-3
1100000.01,-3
1072362.04,-3.92
1062778.99,-4.1
1072993.55,-3
1112009.82,-3
1175775.34,-3.18
1265961.13,-3
1329469.46,-3
1371007.84,-3
1409250.99,-3
1411288.31,-3
1388816.87,-3
1369168.62,-3
1383497.9,-3
1429186.32,-2.25
1498885.72,-0.27
1648750.04,0
1640042.9,0
1577364.95,0
1487377.72,0
1362987.24,0
1235069.4,0
1091508.9,-1
1008628.08,-3.09
966966.19,-4.21
950485.94,-5.73
973991.67,-4.48
1055012.07,-3.65
1205847.82,-1.52
1379409.75,-0.77
1420218.96,0
1498967.71,0
1554069.94,0
1566083.67,0
1555274.43,0
1539217.07,0
1508765.41,0
1556573.93,0
1659700.72,0
1744817.62,1.94
1840648.78,3.85
1844297.52,0
1797941.95,0
1705545.23,4.82
1562877.03,1.79
1403380.98,0.97
1277433.63,6.03
1209326.16,13.61
1174204.72,14.27
1160286.07,6.05
1169799.04,6.76
1232747.84,12.92
1408406.25,10.04
1560937.67,9.18
1619779.26,0
1681035.05,1.45
1739524.08,0
1780113.18,1.95
1789118.01,0
1788126.14,1.69
1780290.16,0.46
1788324.07,0
1831540.67,0.18
1885035.19,6.94
1988490.32,16.81
1979220.82,18.38
1918901.23,21.9
1805085.51,18.55
1657832.02,22.18
1503080.99,17.66
1394139.66,12.42
1324644.02,8.79
1285026.23,8.85
1270563.16,6.64
1279757.39,6.69
1337529.13,14.4
1491785.9,12.56
1620598.45,13.99
1662148.79,10.94
1691469.24,15.48
1720935.24,18.75
1725550.23,31.57
1695509.07,14.35
1676905.57,13.44
1659849.89,8.52
1660175.79,3.9
1704213.69,3.67
1758179.97,10.66
1891660.72,28.43
1920045.6,67.01
1868265.47,23.81
1762592,23.42
1612862.34,20.59
1456562.81,17.13
1335990.9,16.38
1262317.84,16.75
1225527.01,14.4
1213200.34,15.24
1222083.16,16.1
1282666.61,14.4
1447895.21,13.81
1603804.29,15.87
1643419.14,17.26
1671018.7,16.32
1702490.09,14.37
1726887.24,18.23
1739416.81,17.39
1736936.89,14.37
1712339.93,14
1696714.72,14
1721031.97,16.29
1756805.26,17.83
1881827.77,18.33
1903125.01,19.45
1852628.13,19.71
1757460.33,22.25
1623440.77,18.8
1469475.31,18.23
1343582.32,17.85
1265324.39,20.81
1224591.01,16.19
1206323.39,13.7
1215008.46,14.42
1272675.62,17.12
1434863.22,22.38
1572727.92,23.96
1629499.79,17.53
1649910.99,17.23
1644647.9,16.65
1639752.86,14.47
1621893.43,15.3
1609141.7,15.48
1608407.75,16.92
1597281.96,14.36
1615975.24,16.52
1645127.42,20.32
1758263.96,19.6
1782613.93,22.83
1735313.31,23.46
1645881.36,19.26
1533327.88,17.37
1398356.83,16.95
1287275.37,25.02
1210457.31,25.19
1162276.71,17.12
1137289.59,17.13
1130202.44,17.15
1147183.88,14.37
1230979.63,14.77
1303985.33,14.18
1434396.9,14.34
1546451.67,14.26
1613777.34,13.8
1651814.47,15.44
1635675.11,13.8
1580323.17,15.8
1546098.53,16.7
1539856.63,10.91
1552792.08,12.89
1587485.26,11.19
1709099.7,13.21
1715011.5,13.37
1658991.15,13.55
1585716.71,13.6
1490423.57,13.48
1385050.49,16.82
1272913.96,17.22
1195902.47,17.11
1153812.58,14.27
1131909.41,13.32
1123706.46,13.32
1138029.19,13.31
1199531.17,13.33
1243132.71,13.36
1312136.57,9.66
1374222.12,2.41
1424684.96,5.84
1460866.71,7.23
1474119.78,12.08
1456530.32,5.51
1440639.21,0
1456951.38,0
1507238.9,2.14
1578282.44,8.54
1729870.45,14.88
1746962.25,32.5
1695329.73,10.1
1602549.37,8.99
1472800.56,0.7
1328067.66,0.48
1189416.76,-0.25
1109866.75,-2.02
1074397.51,-3
1058185.81,-3
1067143.67,-3.37
1124951.45,-3
1293349.29,-1.75
1429401.21,0
1459387.91,0
1493126.92,0
1517095.29,11.88
1535322.75,10.53
1519491.12,7
1524791.48,0.79
1521732.11,5.87
1527763.05,12.42
1558000.27,8.08
1603270.03,9.63
1700642.06,18.39
1715255.82,12.61
1657995.28,10.44
1554068.2,10.92
1411968.36,2.91
1252584.32,7.4
1132820,-0.25
1063195.22,-0.52
1027567.63,-3
1012971.24,-3.92
1020494.03,-3
1081464.54,0
1252117.73,0
1395715.08,1.58
1455860.81,0
1473152.86,0
1468550.57,0
1466592.83,2.84
1455163.8,0.8
1449314.61,0.39
1454490.46,1.57
1445126.98,4.97
1499291.14,0.4
1546733.04,2.72
1641199.06,10.26
1671859.19,5.87
1621074.45,5.7
1517734.43,0
1383170.56,0.88
1241495.45,0
1121161.8,-2.5
1049875.26,-3.56
1009208.88,-4.38
996941.51,-4.21
1003918.61,-4.01
1059973.45,-3.92
1219569.4,-3
1351381.57,-3.18
1401424.54,-0.5
1429305.75,-0.27
1446751.3,0
1472216.48,0
1459308.14,0
1439206.16,0
1436498.96,0
1444660.45,0
1458929.03,-0.32
1490064.9,-0.25
1590328.58,0
1611021.19,0
1557667.87,0.39
1458581.36,0
1316499.1,0.8
1165658.18,-0.63
1043695.14,-3.28
971346.4,-3.94
931115.59,-4.33
915345.59,-4.53
919609.02,-4.57
974656.87,-4.55
1147302.73,-3.53
1319088.13,6.42
1384729.71,7.39
1446732.13,14.35
1486457.6,14.34
1502471.1,18.29
1513275.97,14.34
1516480.32,10.9
1496726.98,14.35
1493210.73,10.32
1529940.82,11.56
1560476.14,10.2
1645844.18,7.39
1664538.17,23.92
1612735.85,39.97
1518143.03,22.19
1388439.22,13.29
1243904.26,3.52
1124336.81,0.67
1055387.91,-2.28
1021523.87,-4.15
1006795.58,-4.4
1016643.78,-4.28
1073405.7,-4.22
1241357.26,-3.29
1394084.53,0.92
1467006.6,2.89
1512394.44,5.63
1517425.05,3.25
1517385.28,4.39
1482155.54,-0.19
1444393.16,0.85
1414337.7,1.71
1407072.47,4.94
1438884.75,3.56
1457852.74,8.8
1551708.49,5.69
1607977.71,11.08
1576598.83,11.21
1502005.93,6.48
1394269.48,8.04
1266749.46,4.07
1155256.71,6.44
1080342.34,0.92
1033894.79,-3
1008726.11,-2.27
1003354.28,-3
1023873.49,-0.78
1097189.89,-0.25
1164293.58,0
1246942.39,-3.18
1318885.23,0
1372982.99,0
1400432.82,3.35
1391743.35,5.4
1354842.38,0.55
1332200.44,0.27
1334643.29,-0.75
1354807.47,3.23
1382318.85,6.48
1484750.48,7.7
1500979.93,13.22
1446770.8,11.57
1374465.75,3.98
1286234.72,5.86
1179778.53,3.95
1074362.51,0.13
1002304.11,-4.05
958419.88,-4.18
936934.87,-4.32
938300.43,-4.5
963915.42,-4.6
1024342.17,-4.43
1082376,-4.14
1181973.19,-4.2
1275955.96,-4.15
1339140.89,-3
1370038.27,-3
1372967.08,-3
1359655.09,-3.18
1363512.35,-3
1385913.94,-3
1416314.73,-1.75
1451561.87,0
1542769.98,0
1561174.61,0
1499132.53,0
1396267.82,0
1255838.9,-1.25
1126405.89,-3
1032063.68,-3.68
988531.7,-4.05
968829.44,-4.05
973164.1,-4.12
1015379.02,-4.18
1123666.71,-3.78
1308526.97,-1.25
1396533.22,0.74
1447680.67,4.41
1511417.94,8.33
1555075.77,6.71
1568446.07,5.26
1564063.15,5.13
1546281.82,5.37
1532288.74,3.72
1533890.84,3.13
1556115.19,11.42
1569768.12,11.4
1625164.4,11.19
1612608.67,13.12
1528225.66,11.2
1406993.61,9.46
1253561.13,1.91
1122510.57,4.79
1034718.12,-0.27
987417.83,-2.12
964535.28,-4.37
965462.69,-4.3
1007175.89,-4.28
1120058.03,0.44
1304790.02,6.39
1380444.74,8.66
1431456.44,12.18
1483272.17,14.33
1517395.12,12.54
1507200.85,13.4
1480061.03,12.75
1449328.77,7.79
1436537.88,5.73
1435779.81,5.95
1456643.07,5.94
1467697.45,5.98
1545116.63,5.97
1566487.13,11.27
1495539.4,13.55
1376233.85,8.42
1238836.85,3.9
1118047.38,5.96
1032802.41,-4.18
986647.94,-4.62
965096.4,-4.8
966981.98,-4.91
1012396.23,-4.63
1133780.7,-4.72
1319673.66,-3.42
1326389.05,-0.25
1382290.63,0
1429935.88,0
1553530.56,0
1488252.03,0.39
1478062.19,0
1449489.1,0
1376504.06,0
1339344.32,0
1365883.59,0
1368914.42,0
1456322.24,0
1469439.9,0
1404190.09,0
1377058.36,0
1230048.51,-1.75
1105339.67,-2.52
1023778.74,-3.46
981051.69,-4.16
963482.12,-4.28
965242.01,-4.3
1009285.05,-4.29
1126091.61,-3.98
1282938.06,-2.19
1337649.27,0
1387831.34,0
1430504.62,-1.26
1443630.67,-3
1484698.39,-0.01
1484298.07,0
1457901.28,0
1450617.45,0
1461016.3,0
1492324.44,0
1500467.57,0
1574454.4,0
1577145.37,0
1506217.8,0
1399712.31,0.39
1260916.13,5.51
1141587.46,0
1058525.93,-0.25
1014579.34,-3.28
993609.42,-4.2
993975.97,-4.2
1034080.79,-3.83
1147095.86,-0.5
1306223.56,2.13
1378787.03,7.77
1421748.69,12.7
1451937.27,10.28
1480138.64,5.92
1490962.16,5.82
1466442.6,5.45
1410988.84,2.74
1380354.28,0
1380797.91,0
1412339.81,-0.5
1420590.03,-0.77
1504283.95,0
1572462.6,2.79
1525810.27,5.8
1431278.62,4.05
1312789.89,3.18
1206287.42,5.93
1128355,1.02
1080617.75,-0.77
1054397.37,-3.55
1046848.59,-4.1
1063539.56,-3.73
1119049.03,-1.52
1216944.59,4.91
1297645.7,5.42
1370284.83,5.8
1423287.58,0
1453265.86,4.91
1454506.67,5.76
1428807.77,5.91
1399119,5.87
1375376.63,-1
1382019.7,-3
1419166.05,-0.75
1428245.14,1.18
1496308.53,5.37
1540257.6,7.81
1489327.18,13.3
1408544.26,13.22
1313094.45,12.46
1211947.11,10
1133424.38,0
1085479.69,-0.01
1060976.04,-2.62
1051084.48,-4.1
1058791.45,-4.1
1094980.32,-3.58
1156684.51,-0.02
1225617.09,0
1294617.47,0.62
1348922.06,0
1395016.7,0
1409897.71,-2.75
1397574.89,3.58
1374030.76,-1.12
1365396.06,-0.77
1387621.83,-1.77
1442275.19,-0.74
1470993.7,4.71
1546757.74,4.3
1612916.08,14.02
1555311.54,14.37
1434117.77,14.33
1286875.2,10.72
1163266.96,7.22
1089231.29,3.94
1052175.19,5.64
1038736.24,4.13
1046949.17,1.27
1105293.68,-0.51
1239538.86,-0.04
1438849.02,1.27
1463145.99,1.76
1488173.15,0.39
1511050.3,-0.02
1515227.69,0
1513686.3,0
1508511.76,0
1492597.35,0
1484984.69,2.33
1511181.59,0.89
1558191.7,2.64
1567817.46,4.32
1630014.74,6.54
1676140.96,18.28
1599329.78,41.33
1465529.45,44.87
1306628.27,8.69
1186533.03,9.42
1109592.44,0.76
1067402.26,0
1052303.87,-0.28
1059491.8,-1.75
1118174.5,1.16
1255757.65,6.02
1436938.43,10.16
1478677.07,11.02
1514355.56,7.5
1542741.64,3.69
1566240.14,1.17
1534534.32,0.39
1526006.64,0
1517695.05,0
1512519.51,4.87
1543839.31,5.75
1594185.51,10.87
1628826.99,6.48
1682710.66,6.44
1672470.68,7.95
1587798.64,7
1444651.78,5.3
1292206.09,7.37
1163313.75,13.38
1083692.77,3.34
1105767.7,0
1088773.88,-0.29
1091474.46,-0.3
1144691.98,0
1289508.91,-1.38
1503898.28,11.02
1563242.5,12.96
1603885.83,14.36
1641674.56,13.23
1661330.43,6.93
1638672.82,7.92
1627578.25,10.48
1612488.57,10.39
1614023.61,5.94
1655805.63,10.51
1708802.06,9.08
1725216.54,11.3
1780285.35,14.35
1787555.74,14.35
1708934.98,5.98
1574832.55,6.15
1420263.33,0.27
1295335.19,1.19
1223539.78,0
1173838.08,0
1162452.4,0
1166141.06,0
1227166.32,0
1367950.89,2.88
1584471.4,6.98
1661590.57,10.34
1728545.32,13.34
1783726.92,13.54
1810763.75,13.43
1807310.22,19.19
1792102.21,75.73
1789058.56,245.94
1764356.22,95.79
1760425.76,13.98
1768747.38,13.21
1763407.06,8.26
1815567.03,12.39
1794064.73,12.26
1716715.09,11.8
1599213.17,7.42
1461029.24,0.93
1334003.38,2.61
1176146.52,0
1117330.37,0
1081849.38,0
1067899,-2.75
1079427.74,-2.04
1120020.8,-0.07
1196676.18,-2.5
1280854.3,-0.3
1396084.01,0
1475550.69,1.58
1528304.27,4.59
1540616.08,4.09
1519116.35,6.29
1481014.66,5.5
1459602.98,4.87
1457748.07,4.2
1491439.27,7.65
1470570.53,12.6
1504429.82,8.13
1559934.6,14.52
1516192.79,13.59
1435255.21,13.22
1328887.73,10.01
1225985.88,9.44
1151045.22,5.52
1102930.39,4.77
1077493.36,0.92
1070755.78,0.76
1084137.94,1.56
1128480.32,5.89
1209993.46,5.86
1302593.09,5.85
1395374.14,10.88
1453348.91,13.32
1478042.21,6.02
1448818.46,5.98
1404035.02,5.87
1366944.96,5
1345483.01,5.44
1350850.44,-0.39
1384914.6,2.26
1389481.69,4.04
1439377.6,5.92
1513519.38,12.22
1476198.74,12.72
1401754.14,6.55
1303315.8,2.63
1191548,1.57
1113445.21,-3.69
1065389.84,-4.18
1037947.56,-4.24
1026756.72,-4.3
1035967.1,-4.3
1071053.63,-4.28
1134386.72,-4.16
1195687.64,-4.17
1250049.9,-4.21
1291083.13,-4.2
1323016.08,-4.2
1329557.62,-4.02
1304071.09,-4.15
1273922.32,-4.21
1247533.85,-4.3
1244078.3,-4.34
1290548.73,-4.26
1295616.05,-4.18
1356933.8,-4.2
1433597.7,-3.57
1401092.17,-2.77
1314524.82,-3
1185609.76,-4.19
1071115.97,-4.26
998504.14,-4.14
955764.19,-4.36
938940.37,-4.39
937687.71,-4.4
978742.32,-4.4
1079362.29,-4.33
1241224.33,-3.76
1341691.8,-0.25
1418280.65,0
1479198.19,0
1543419.57,0
1566365.64,0
1552092.87,0
1531765.06,0
1521020.78,0
1526477.59,0
1570496.31,0
1571770.48,0
1602800.7,0
1648843.04,3.26
1569419.78,1.52
1431685.65,2.54
1275847.67,2.33
1146531.97,-1.25
1062714.67,-2.5
1024381.77,-3.38
1011204.68,-4.15
1017249.91,-4.2
1075791.36,-3.37
1224039.84,-2.96
1402778.89,3.34
1428537.61,5.78
1433635.57,-0.75
1445933.99,-3.46
1454080.24,-3
1446884.16,-3
1428214.51,0
1407441.74,2.75
1395690.45,5.84
1411231.89,5.4
1444139.78,2.01
1449583.53,3.8
1512527.11,5.17
1603982.34,13.96
1538240.29,9.45
1406587.08,5.11
1256558.13,0.45
1131773.13,-1.83
1059242.1,-4.08
1023917.73,-4.3
1009211.74,-4.22
1017611.05,-4.22
1071022.67,-4.31
1213369.57,-4.1
1382950.02,-1.59
1416478.84,5.18
1414131.88,0.78
1422066.44,-1.5
1423230.06,-3.46
1414196.84,-3.18
1409016.18,-3.18
1382925.75,-3
1384070.63,-3
1408831.75,-0.02
1458148.83,0
1470594.43,0
1526632.02,-2
1579216.04,-0.77
1505945.84,0
1363834.31,-2.25
1213718.1,-3.28
1085226.44,-4.33
1004903.3,-4.6
959572.44,-4.58
942553.29,-9.82
943651.73,-4.62
995553.18,-4.4
1131913.77,-4.26
1346487.81,-2.69
1395952.71,-0.25
1433413.88,0
1476848.87,0
1514054.75,0
1518380.67,-2.5
1509225.74,-3
1487625.12,-0.02
1475065.33,-1.75
1497945.14,-0.29
1509131.58,0
1493166.56,0
1544796.75,0
1554688.18,0
1476727.01,0
1346200.21,0
1195004.53,-0.75
1061807.45,-3.28
982017.93,-4.23
938909.53,-4.47
921032.19,-4.6
921958.82,-4.53
983986.35,-5.49
1134103.02,-4.38
1285923.21,-2.03
1338996.8,0.39
1380875.5,0.79
1423216.01,0
1440980.73,0
1423386.96,0.89
1413981.32,0.39
1388878.28,0
1361809.25,-0.03
1366065,0
1408441.3,0
1427950.79,2.39
1444906.13,6.16
1518591.94,8.59
1472011.01,12.04
1368622.44,11.84
1240330.94,7.25
1125330.22,0.46
1044374.14,-1.5
995287.67,-3
968527.7,-3
959637.97,-3
987224.59,-3
1064901.91,-1.77
1142333.45,7.84
1240180.54,14.11
1341579.14,11.94
1369211.98,7.78
1391120.62,4.37
1406343.18,3.9
1398690.8,0.89
1404662.87,0
1380361.66,0
1423492.46,0.89
1471597.92,8.83
1483761.16,14.03
1513867.81,8.47
1546270.71,0.39
1505516.19,0
1412075.6,0
1303070.66,0
1205342.71,0
1127623.87,-0.76
1088283.6,-3
1071746.03,-3
1069995.95,-3
1101536.92,-3
1149807.3,-2.25
1186453.81,-0.75
1269770.03,0
1352648.09,0.39
1415183.05,0
1459088.54,3.27
1485714.19,5.93
1484614.17,5.93
1488111.47,8.24
1509443.87,5.1
1576327.88,8.2
1656540.07,17.96
1680027.28,15.44
1698272.3,18.52
1711759.07,13.05
1640995.5,10.4
1512948.86,4.31
1364910.03,1.81
1245698.39,2.94
1169742.09,0.35
1127993.91,0
1115800.95,0
1123561.63,0
1192135.37,0
1345554.84,0
1493278.9,0
1554437.05,0.35
1596923.13,0.71
1637893.46,5.24
1645450.1,0
1633231.38,4.98
1600754.62,0.79
1576526.2,0
1555193.99,0
1563342.92,0
1589274.12,0
1595379.15,0
1636489.98,0
1735848.99,2.86
1678557.22,11.69
1538490.4,12.34
1380170.61,8.46
1248950.02,9.89
1180341.65,4.09
1144879.75,1.06
1131534.83,-1.5
1141536.71,-3.83
1214335.44,3.85
1362696.6,12.45
1511802.62,19.36
1538482.93,25.06
1562914.45,19.76
1580903.45,15.55
1596280.51,13.55
1584917.81,8.75
1566457.8,6.58
1544902.01,4.81
1533068.21,4.75
1551916.37,5.15
1579684.92,7.02
1598515.08,12.32
1639395.69,5.56
1733643.6,11.36
1669971.88,14.77
1529949.16,13.51
1367018.66,8.12
1241083.05,2.37
1153406.09,-0.25
1113503,-2
1096616.28,-4.01
1100908.3,-4.01
1167366.85,-3.37
1323756.15,-1.02
1474660.03,1.59
1541031.09,0
1602453.58,0
1669386.97,4.21
1701197.69,5.88
1709882.38,0
1687194.72,0
1672981.33,0
1662002.78,0
1682052.82,3.63
1711564.67,4.99
1728356.42,4.49
1750524.13,0
1757768.88,0
1664793.01,0
1510541.39,0
1342727.82,0
1203934.74,-1.5
1129026.05,-2.75
1087298.19,-3.66
1064444.39,-4.2
1062538.23,-4.26
1127658.06,-4.26
1285386.34,-3.46
1460022.09,1.36
1498985.34,17.95
1514994.65,6.66
1545216.67,12.12
1561531.76,12.9
1565908.91,5.99
1563204.39,6.88
1539864.6,5.93
1527756.12,4.12
1564843.22,2.01
1611503.25,0
1625941.6,0
1670697.97,0
1702994.04,3.24
1627539.94,7.25
1492353.42,6.16
1338984.48,1.8
1211314.68,0.9
1130984.55,0
1096732.49,0
1090489.05,-0.77
1103158.87,-2.52
1174535.48,-0.25
1336604.97,0
1489385.36,5.54
1531316.04,10.09
1544882.73,8.34
1561223.99,5.99
1563229.13,5.94
1558396.14,4.85
1545163.03,2.17
1507629.56,3.1
1477714.99,0.39
1485208.47,0
1507081.59,3.45
1511563.33,4.31
1540674.34,6.76
1638766.07,22.99
1607497.47,51.98
1511610.57,16.78
1375630.75,29.22
1259040.79,7.94
1177181.71,0.9
1132002.75,-0.01
1110423.39,-1.52
1106382.58,-3
1142148.25,-3
1204487.87,-0.77
1277787.84,0
1385234.71,0
1467366.07,0
1519234.52,0
1544529.66,0
1541703.69,-0.02
1516187.2,0
1488978.07,0
1466691.17,-0.5
1476560.5,-1.03
1511217.3,-0.77
1529805.35,1.31
1552760.06,4.28
1640659.08,8.37
1611676.57,16.66
1526519.68,20.05
1400886.35,14.77
1294026.23,18.04
1216073.62,6.67
1166543.93,5.51
1137775.38,2.74
1128705.08,5.81
1154983.52,5.35
1189964.41,5.51
1227468.72,5.58
1329358.17,0
1423019.07,0
1520619.32,0
1574474.19,0
1560052.73,0
1550729.76,0
1549324.38,0
1553110.19,0
1597899.95,0
1675048,0.39
1714142.06,4.52
1734788.41,13.36
1747914.59,52.27
1678891.09,15.87
1540718.46,12.95
1381433.62,7.03
1243546.86,6.04
1167656.44,1.78
1126399.06,0
1106114.62,-0.25
1106854.59,-3
1172822.73,-1.03
1322332.61,0.39
1496873.11,4.06
1568888.48,4.36
1592512.46,6.38
1638152.85,13.38
1653105.65,8.8
1631891.65,12.81
1598572.27,13.26
1572789.49,7.57
1559282.62,2.25
1588648.55,5.86
1619914.34,5.83
1614191.6,5.78
1599660.45,5.03
1619419.71,0.41
1548822.01,6.09
1412993.51,7.15
1257471.59,4.57
1137612.34,1.29
942571.57,0.88
1033524.07,0
1020950.76,-0.25
1030007.14,-2.77
974084.46,-1.01
1251057.16,0
1389231.47,3.49
1419983.56,3.22
1308775.75,1.77
1338079.57,0
1489355.89,0
1362713.44,0.39
1351763.7,0
1338876.08,0
1340407.62,0
1506251.19,0
1531430.27,4.38
1546305.81,6.26
1559209.1,7.79
1629464.01,12.35
1574471.71,27.64
1440761.74,17.56
1285709.73,15.43
1160108.4,12.95
1090025.73,9.24
1053919.06,10.2
1039216.86,12.87
1047325.86,9.51
1122752.26,5.83
1263449.51,10.55
1398109.53,23.3
1416837.83,17.36
1424082.12,10.67
1437727.66,11.47
1448740.4,13.14
1443339.07,11.51
1451319.6,13.24
1430289.13,6.24
1401888.6,3.16
1421723.15,8.74
1461912.96,9.61
1507657.64,16.23
1511119.19,16.71
1586275.98,17.68
1543042.98,18.58
1412650.26,17.13
1255670.32,8.75
1138755.47,8.74
1068513.85,10.49
1031011.06,5.13
1019127.72,-0.02
1025800.24,-0.52
1097134.95,-1.77
1240571.88,8.15
1370243.67,17.2
1390153.99,13.45
1397681.43,10.34
1412444.27,3.19
1423140.53,0.44
1418344.66,9.19
1403210.17,10.34
1386477.17,4.31
1376758.34,0.39
1394095.07,0.41
1419467.98,0.42
1427600.6,5.85
1445243.2,6.52
1533681.46,10.99
1503333.4,45.99
1379315.37,9.85
1233430.59,6.79
1112541.71,0.47
1037118.19,-2.25
996417.91,-3
981391.01,-3.73
986946.37,-4.01
1051417.56,-3.09
1174351.11,-1.75
1287825.78,-0.02
1343797.42,0
1371518.76,0
1390487.75,1.99
1403243.12,5.94
1397202.74,5.97
1377333.35,13.65
1352563.59,5.94
1335794.97,3.67
1335276.21,0
1354492.27,2.79
1356074.97,2.78
1361801.41,5.02
1444669.28,5.75
1421556.34,5.95
1321809.21,1.74
1195435.85,0.48
1079972.47,-0.5
1002456.81,-2.5
958341.89,-3
934881.57,-3
925972.5,-2.5
957565.52,-1.79
1009161.03,-1.25
1078410.86,0
1176951.65,1.26
1256448.69,5.13
1300717.35,11.57
1323484.49,9.49
1320064.2,8.09
1294891.5,9.49
1266118.72,9.45
1249172.42,7.88
1254322.95,5.15
1281242.26,9.48
1285502.74,6.66
1283094.49,13.88
1355883.86,14.33
1342502.85,13.71
1259667.57,11.8
1151915.09,12.97
1046379.97,7.84
969590.2,1.37
922094.61,0
895875.36,0
885500.84,0
910007.37,0
937240.83,5.11
981125.15,9.43
1064794.96,5.93
1140186.14,7.99
1198215.12,8.13
1233738.03,10.2
1248691.15,14.37
1230491.39,14.35
1213358.08,10.88
1206724.19,5.92
1225188.83,5.9
1276843.28,13.26
1300580.43,14.12
1307764.19,14.93
1401657.12,14.36
1384281.21,50.82
1261054.35,32.7
1104395.85,20.35
982444.73,32.76
903273.5,9.47
863116.11,7.17
848720.31,39.79
850977.24,11.56
919940.95,9.44
1051682.3,3.95
1198423.59,10.78
1242233.36,16.34
1275489.31,13.35
1311775.76,13.66
1339672.52,14.37
1347645.24,5.97
1350303.99,14.36
1345652.35,14.36
1346998.67,8.04
1369897.5,11.56
1393306.93,14.37
1389487.38,19.9
1397136.26,14.71
1476573.88,15.19
1416068.07,14.39
1265520.71,14.04
1105944.84,5.5
981167.23,3.2
902726.67,-1.84
861871.95,-3.95
844786.07,-4.16
848691.46,-4.19
913134.39,-4.03
1048897.17,-2.25
1193380.29,0.55
1237432.47,1.58
1268161.76,0
1299504.06,-0.27
1321573.13,5.72
1323528.15,5.8
1319667.21,4.8
1308588.75,3.55
1305784.07,3.14
1327838.58,5.38
1357809.98,5.78
1365225.85,5.92
1368301,5.94
1447002.44,7.35
1413764.64,48.69
1275039.06,11.56
1111736.05,7.87
989314.5,4.71
918707.96,-2.12
882096.19,-4.08
867600.13,-4.2
873624.09,-4.22
941675.35,-4.2
1071519.09,-3.64
1214141.69,0
1259612.6,0
1280924.26,0
1306471.74,-1.75
1324562.52,0
1326534.71,0
1318465.56,2.5
1291410.29,5.94
1303454.76,5.82
1326326.29,5.88
1355468.22,2
1358477.92,5.7
1370399.33,5.94
1451758.77,13
1418922.94,14.4
1287600.6,5.05
1125537.86,0.89
1000506.23,-0.27
929772.25,-3
891312.64,-3.55
874762.74,-3
878891.13,-3.28
943466.13,-2.93
1078744.91,2.92
1225252.46,57.23
1281841.38,45.52
1328726.82,48.29
1334823.7,20.24
1365966.19,14.21
1365426.27,15.13
1372596.93,2.33
1367816.45,5.65
1366711.28,0.42
1378375.68,1.19
1406861.93,0
1432236.47,4
1464718.71,2.39
1493795.62,3.79
1422888.96,5.76
1285024.59,4.23
1128981.53,2.94
1007807.51,0.48
924339.57,0
886559.29,-1.86
865853.88,-4.01
867752.69,-3.46
932436.42,-3
1064200.78,1.11
1208171.3,9.68
1276126.11,33.44
1321984.58,68.31
1357636.76,332.83
1376598.34,16.3
1371575.07,9.49
1361504.93,2.64
1343784.65,4.37
1314026.47,-0.25
1326233.06,0
1336714.41,-0.28
1325492.25,0
1328880.32,0
1397549.67,0.8
1370858.58,4.7
1270603.92,1.59
1147700.33,1.67
1030664,3.51
950105.72,0
904915.82,-2.27
881776.44,-1.28
873643.88,-1.29
904438.8,-1.76
946573.25,-2.27
1028550.55,0
1135756.92,-0.25
1219754.73,0.53
1274871.04,1.1
1303727.06,5.37
1304589.64,5.8
1281170.79,5.69
1256319.42,0.35
1241724.95,0
1248002.44,0
1278633.42,2.92
1279463.03,4.08
1272571.16,7.35
1342488.96,19.09
1341691.64,17.93
1264209.72,16.89
1155961.32,13.09
1052490.82,7.88
966557.82,7.1
918865.14,6.04
891343.25,8.58
881087.1,5.01
906785.13,5.07
926961.46,0
977678.67,0
1060752.58,-2.58
1153594.68,4.01
1215081.66,13.48
1248995.34,13.96
1258437.62,12.29
1242935.81,11.71
1230474.72,11.6
1241084.78,8.85
1279929.45,13.24
1340398.93,12.93
1369026.52,13.61
1374365.59,13.32
1431934.6,16.49
1389539.52,13.21
1272700.34,13.51
1118882.95,8.97
997765.78,5.09
917952.18,2.51
881009.18,0.49
865195.11,0
869114.38,1.66
935799.33,0
1070541.15,0
1233701.89,1.43
1316991.18,5.12
1389165.61,6.01
1438751.22,6.01
1476295.66,5.91
1437829.7,5.9
1395125.13,5.62
1358056.19,5.09
1345001.48,3.58
1392805.15,5.84
1481128.22,5.55
1528994.97,7.31
1516420.75,7.79
1546170.13,5.86
1481663.89,3.93
1338548.2,0.71
1179594.78,0
1055431.06,-0.02
993143.72,-2.25
956864.16,-1.56
948473.01,-3.73
957189.5,-4.13
1020903.66,-3.93
1174135.85,-2.47
1339166.87,7.82
1414480.91,32.84
1469352.87,15.01
1479736.66,17.51
1510748.06,10.1
1507707.72,12.2
1508718.62,8.93
1486592.91,9.7
1485223.53,8.38
1497854.19,5.44
1510100.46,11.53
1487220.96,12.21
1465057.81,6.59
1516204.39,12.61
1505122.84,12.78
1369947.08,12.86
1214944.15,5.57
1093345.72,3.43
1020808.94,-2.07
981565.23,-0.84
964850.72,-3.39
972222.9,-4.1
1041605.24,-3.14
1165875.5,2.01
1298491.23,4.58
1326202.1,7.93
1340625.25,8.92
1358750.48,2.4
1374082.9,4.36
1370112.85,3.53
1361298.36,4.77
1342473.81,5.95
1328942.81,5.46
1346203.65,5.17
1372589.6,4.24
1377562.05,4.87
1385057.94,5.92
1472836.89,7.8
1466180.02,13.86
1338960.72,6.62
1190401.77,5.84
1063769.67,3.17
991229.79,0.4
950875.58,-2.95
935701.95,-4.01
942192.49,-4.1
1008910.32,-3.55
1129210.18,-2.23
1281052.03,0.39
1323382.96,0
1328921.22,0.78
1366369.64,0
1405680.96,3.18
1418024.77,0
1393961.68,0
1380710.82,0
1386918.02,0
1400318.59,2.72
1428704.34,6.67
1433851.87,5.98
1446342.95,5.83
1505701.5,53.93
1473384.58,8.66
1344537.72,10.87
1194295.9,3.76
1066937.84,2.03
988877.24,-2.12
947618.33,-4.04
929713.2,-4.21
932916.73,-4.27
1000355.07,-4.22
1114697.78,-2.83
1263166.04,4.93
1330957.91,5.25
1367104.84,4.69
1390135.72,5.81
1407991.53,0.77
1390484.63,5.74
1370157.3,3.31
1364600.81,5.45
1341696.64,3.08
1333595.18,5.74
1348211.76,0.87
1360105.47,2.01
1367953.46,0
1419001.3,2.72
1413357.53,8.04
1313082,17.51
1184779.37,11.58
1071181.4,11.56
996762.99,7.33
949027.92,4.3
922967.66,0.9
914485.09,-4.1
944018.25,5.84
977482.21,0
1053934.95,-1.25
1147127,-0.25
1221114.07,0
1264354.85,-2.04
1291138.81,-3
1287977.39,-3.28
1264785,-3.92
1240286.33,-4.15
1232074.89,-4.1
1237977.84,-4.1
1273037.97,-2.8
1288014.34,1.19
1286584.63,1.37
1353495.16,3.89
1337058.23,5.87
1255426.37,0
1140308.45,-0.25
1036212.86,-2.09
957214.45,-4.27
906945.85,-4.73
880878.82,-4.82
886189.75,-4.42
907594.47,-4.4
923774.94,-4.37
986440.29,-4.33
1100424.55,-3.76
1220793.22,0.53
1319511.6,6.46
1373707.1,12.98
1405846.24,13.7
1391109.43,13.31
1375861.89,13.07
1377966.92,10.39
1406069.36,13.19
1446939.4,13.22
1464806.64,12.95
1451620.46,11.82
1461453.6,11.44
1414423.28,13.55
1296991.03,4.72
1155658.21,8.74
1027908.34,6.17
950744.39,2.05
907987.25,1.63
891299.36,4.03
913713.89,5.85
977273.63,5.83
1103387.85,5.62
1266273.73,12.5
1339735.24,12.28
1385093.9,14.34
1405489.53,12.87
1417909.87,11.83
1419442.71,11.85
1402876.06,14.14
1379179.59,12.63
1351526.37,12.73
1351242.07,9.84
1372303.55,11.14
1390025.21,9.6
1386042.21,9.52
1434571.45,7.13
1440991.92,8.75
1315915.74,12.5
1154101.49,10.04
1033043.56,12.2
950873.2,11.55
903356.43,5.69
888817.24,5.82
913507.52,4.83
980233.03,4.86
1078948.92,5.04
1222258.91,3.97
1260337.65,-1.74
1281538.82,-2.39
1306270.16,-2.24
1322155.14,4.92
1318127.23,5.85
1311926.3,5.87
1321575.11,5.83
1330085.2,5.63
1348923.74,0.38
1386989.82,5.1
1407137.47,5.79
1399684.24,5.9
1441465.76,6.72
1414905.07,9.25
1286506.3,8.02
1135629.33,3.84
1005250.8,0.5
934517.07,-1.25
898780.26,-2.52
884632.67,-3.92
908987.24,-4.1
970604.78,-3.83
1066344.56,-0.34
1205460.39,1.79
1248578.29,6.94
1280253.5,8.61
1302253.93,7.6
1319305.08,6.14
1319273.42,1.89
1312609.14,0
1305884.45,0
1302763.59,0
1319442.8,0
1346617.45,0
1360322.26,3.6
1361030.48,3.28
1413657.58,8.58
1412612.13,11
1280994.26,12.74
1122882.72,9.37
998047.29,8.24
923502.42,2.72
880088.66,0
863825.75,-2.27
887515.52,-4.01
947094.81,-3.18
1047832.83,-1.5
1205275.54,0.88
1281779.41,3.43
1318856.29,5.75
1347893.7,1.15
1374028.13,0
1362144.76,0
1349589.57,1.53
1343909.4,0
1331969.49,0
1360974.03,0
1375004.51,0
1380154.07,0
1372588.71,0
1402454.98,4.16
1401616.39,9.94
1282770.24,9.97
1128070.48,4.3
1005968.02,3.03
920543.92,1.24
878130.12,0
858834.21,0
879800.41,0
935719.05,0
1030298.14,2.72
1177994.3,3.75
1232652.14,10.11
1266856.16,5.99
1303956.16,5.94
1326237.22,5.78
1326925.07,5.78
1320164.59,5.82
1310650.32,2.76
1303054.67,3.47
1313708.59,5.71
1330814.45,5.45
1327744.86,5.84
1314478.16,8.04
1347473.09,12.56
1363512.7,12.85
1262948.44,9.58
1123513.76,9.09
1004368.56,19.94
920831.8,10.15
869753.22,8.1
843248.49,6.53
850959.77,1.94
870769.9,0
885209.14,0
977773.84,0.38
1085833.25,5.76
1174051.97,8.07
1228445.52,12.96
1259516.36,7.3
1277538.12,5.9
1292887.27,18.76
1283290.01,21.85
1272754.04,11.53
1290730.29,12.27
1326873.93,9.43
1307548.17,2.8
1306385.49,0
1331591.5,0
1300790.35,4.86
1215031.97,0
1110175.13,2.13
1004210.93,0
925105.64,0.39
875305.56,0
846092.68,1.17
852756.61,2.29
870713.22,0
878048.3,3.68
945632.06,4.97
1033321.03,10.15
1112526.97,7.4
1167382.56,10.1
1203874.33,8.05
1252102.54,5.82
1249097.93,5.81
1249696.39,3.62
1221414.55,1.56
1238612.63,0
1259934.94,0.39
1292717.58,0
1292774.32,-1.25
1316085.26,5.85
1352579.57,42.72
1258939.6,16.61
1102663.87,19.04
980922.3,8.63
908066.02,5.85
872452.74,6.04
860019.66,5.95
885299.67,5.87
947878.9,7.34
1046225.29,13.47
1195883.05,12.08
1242887.56,17.97
1274626.82,14.36
1312052.79,11.59
1334099.9,8.73
1326594.49,14.43
1314424.95,5.95
1302122.71,10.91
1292397.56,5.84
1312374.46,3.66
1345808.89,4.83
1364717.32,10.11
1366970.15,14.07
1403249.92,14.43
1417004.77,15.2
1283444.3,13.51
1122673.32,23.41
994432.73,6.66
918953.67,3.32
879873.93,0.88
865285.19,0
890292.15,0
950689.59,0
1045494.9,0
1195816.99,0
1245167.18,1.97
1279225.7,5.69
1298553.17,5.93
1322092.75,5.94
1320825.04,6.43
1308923.27,6.91
1296521.51,3.33
1289779.21,0
1316894.2,0
1344837.45,3.61
1358732.78,8.08
1351476.01,7.72
1386958.62,12.54
1399572.19,13.01
1270630.58,10.08
1110449.55,5.9
988787.19,0.98
914164.13,0
877311.19,0
863460.97,0
885018.79,-0.05
940795.33,0
1040740.88,0
1181570.87,0.4
1231083.71,1.89
1262063.69,1.66
1290581.47,0
1311127.68,0
1318716.42,0
1321213.42,4.35
1321578.94,12.61
1325305.04,13.41
1344181.59,14.42
1375279.36,14.37
1383853.41,36.03
1371835.93,14.01
1382195.84,34.71
1396055.35,21.2
1278048.6,14.68
1118010.58,14.37
987100.49,1.78
910252.13,0.5
873191.17,0
857761.02,-1.02
878876.49,0
931487.95,0
1028487.11,0.89
1176712.95,1.76
1229534.78,19.72
1267484.5,20.28
1303367.05,14.6
1335591.92,14.09
1342536.2,12.98
1344783.41,13.21
1348634.21,13.33
1348407.79,14.09
1369696,14.34
1394908.75,15.32
1402168.62,16.96
1410936.73,14.67
1420258.63,15.72
1407241.49,14.76
1275576.98,8.77
1119123.79,15.19
995170.81,15.43
909692,8.77
866915.41,2.48
848814.49,-4.28
865530.91,-4.79
920618.19,-3.85
1023432.11,0
1200429.47,2.11
1272623.98,13.53
1299343.4,16.77
1341341.61,14.22
1366784.56,14.28
1368522.74,9.67
1370182.94,1.35
1365312.29,4.62
1343869.57,7.21
1348999.86,5.72
1369394.63,0.83
1370024.9,0
1350555.17,0
1386187.78,3.08
1386682.31,3.56
1276901.68,10.42
1140939,5.23
1015626.91,11.12
928989.54,13.6
877650.15,14.06
848358.28,13.22
854534.91,13.23
873476.88,3.38
897285.29,-1.75
977482.57,-0.51
1114415.2,-0.75
1246824.31,0
1326973.24,0
1397007.22,0
1378477.63,1.29
1330970.43,2.18
1308980.29,0
1296530.79,0
1303682.11,0
1324441.23,1.48
1330647.34,7.22
1298183.94,0
1300893.67,4.17
1331611.64,7.94
1260554.46,8.44
1154297.12,5.71
1045856.13,3.46
964620.47,0
914208.95,0
889155.89,-0.51
895481.9,-0.02
914330.12,-1.55
920490.27,0
986419.96,0
1104517.5,0
1212920.52,0.4
1275563.35,0.79
1317025.38,0
1334841.87,1.28
1320294.44,2.44
1313989.65,0
1311458.65,0
1336283.36,7.79
1371906.47,25.94
1380693.07,20.86
1387696.63,10.41
1420213.37,15.05
1438302.23,62.89
1328123.96,141.29
1173886.16,35.65
1044262.13,4.24
965702.95,2.15
925934.59,1.31
911139.13,0
935361.28,0
998764.77,0
1094076.5,4.4
1241901.95,7.25
1289399.67,28.28
1308371.09,24.08
1334635.1,12.28
1356774.14,5.7
1341055.8,2.27
1332115.74,1.8
1343514.57,0
1335006,0
1417496.06,5.62
1445243.17,5.26
1416067.2,5.56
1442940.02,5.28
1490046.66,5.51
1427511.98,11.48
1287330.34,4.76
1126254.2,1.94
1005619.11,3.76
930164.27,0.49
892548.34,6.71
877090.96,6.81
901979.65,5.99
954395.16,5.95
1054699.81,12.18
1226041.78,15.65
1282431.14,15.77
1303725.82,14.03
1311024.49,15.07
1326242.25,14.38
1328119.79,14.37
1325486.2,7.84
1313750.12,7.87
1314233.97,12.58
1330045.11,6
1350524.29,8.44
1361146.29,9.19
1354048.12,8.72
1365953.37,10.29
1401726.33,9.58
1290249.03,12.16
1122612.92,11.84
995610.91,7.77
919378.97,7.09
882464.59,1.94
867298.76,2.75
889866.36,4.74
944383.4,5.67
1039615.28,8.83
1185603.53,5.14
1240186.93,10.03
1267471.36,5.88
1296124.99,6.02
1320270.65,14.23
1323953.32,13.56
1320088.52,11.01
1309130.79,13.76
1310974.01,5.86
1345731.78,11.88
1369134.77,13.41
1375498.04,13.65
1365731.18,12.41
1379557.72,14.92
1398456.75,17.15
1278445.91,16.91
1116830.17,16.78
989365.68,14.81
907533.29,8.77
869856.08,14.37
856315.54,14.38
875591.69,14.36
931160.04,13.68
1033329.83,13.49
1197842.27,14.26
1258362.7,15.41
1278677.83,14.82
1305929.88,17.08
1336294.58,17.29
1354866.18,36.26
1360988.8,30.11
1362197.05,21.11
1342910.49,13.9
1348414.27,16.07
1375103.32,16.86
1380899.99,17.3
1370405.94,14.42
1393922,14.99
1401399.8,14.35
1284814.64,13.97
1123130.41,15.92
990257.71,16.87
909484.99,11.56
872313.81,12.77
853465.46,12.85
872323,12.14
920760.91,14.46
1006860.02,15.52
1159303.36,13.2
1228124.3,14.97
1277682.04,17.29
1318577.11,14.66
1346866.26,15.39
1348766.56,14.59
1339976.64,13.51
1327217.47,13.44
1320005.53,13.23
1332374.22,13.39
1348911.06,13.26
1348545.59,14.05
1325263.46,13.32
1338339.91,13.94
1363388.58,13.95
1262559.85,7.63
1125311.01,10.83
1006491.72,10.87
919666.97,15.25
871254.13,14.37
841933.62,18.17
847946.71,14.35
866897.86,13.64
874168.9,11.53
947489.9,5.94
1056319.24,2.46
1142023.68,5.96
1203042.48,6.69
1245598.61,14.03
1257097.68,12.01
1252621.66,13.07
1243210.73,11.76
1238594.36,7.37
1244971.36,9.61
1258989.89,10.01
1261023.17,5.75
1247922.14,7.78
1259655.83,10.83
1274025.9,14.93
1195188.88,14.05
1095645.86,9.45
987511.51,7.16
910783.98,5.45
861216.81,5.85
831681.21,0.39
832274.31,5.68
840971.06,5.24
829518.63,4.27
887232.6,1.19
975578.65,4.97
1069732.56,12.27
1128836.15,9.49
1174063.1,0
1192988.79,0
1189361.24,0
1182602.57,0
1183306.35,0
1196821.81,0
1227525.64,4.6
1242685.76,4.87
1224275.07,5.89
1218690.97,6.7
1258652.02,12.76
1192970.17,13.08
1083229.77,13.8
978651.49,12.07
898482.95,12.65
848570.49,12
820738.86,6.35
825845.8,0
828132.38,-1.21
827793.34,-0.5
881933.68,13.09
970671.68,7.64
1065193.63,8.66
1146052.52,11.39
1214528.34,13.07
1247213.35,13.12
1240954.54,12.09
1231108.43,2.97
1237176.45,0.27
1265796.12,6.91
1319213.94,12.45
1347966.08,16.44
1342048.52,16.72
1355046.77,16.22
1400403.6,16.35
1311305.45,33.53
1162187.04,12.2
1019774.73,6.26
927981.71,6.12
877409.15,2.07
851005.2,0.79
863868.59,0
900724.38,8.27
989471.45,11.87
1161257.28,4.06
1253530.73,8.14
1328644.39,13.53
1403999.06,15.95
1462630.3,15.73
1489206.87,18.34
1508055.58,14.85
1528821.89,13.34
1551618.55,11.24
1598222.04,12.71
1637353.8,19.2
1659694.33,20.01
1644726.42,19.91
1619896.79,53.11
1649664.76,372.88
1514094.32,23.83
1321114.27,9.3
1153356.21,2.35
1044418.3,0
981626.16,0.4
944965.92,2.38
949705.05,0
985465.23,0
1081355.18,0.25
1255297.42,12.67
1349480.59,19.8
1404697.51,18.32
1498979.21,18.9
1576777.91,18.23
1612160.45,19.54
1640612.97,18.93
1660212.29,21.84
1694224.92,20.16
1766342.63,21.93
1806307.57,24.09
1815343.41,25.95
1791228.86,24.25
1784534.9,23.89
1784352.31,24.59
1651360.76,22.43
1453418.65,19.63
1276179.84,17.25
1157730.75,15.21
1082942.62,11.57
668237.38,3.98
1034127.36,0
1065187.46,2.81
1143284.1,14.47
1313619.62,8.71
1392704.21,4.77
1447152.68,17.84
1508964.03,18.63
1538353.54,17.87
1586137.1,18.67
1572790.41,21.51
1547529.94,18.42
1561368.83,17.84
1627228.56,18.43
1669630.04,17.75
1676457.59,23.93
1641258.35,25.41
1606218.63,23.14
1637323.7,23.12
1511344.67,23.03
1332173.72,19.8
1167179.82,18.26
1053845.72,15.54
993636.06,9.07
961873.33,10.09
969208.49,23.57
1012255.01,6.48
1098705.75,6.16
1290116.17,7.44
1415683.88,11.03
1528851.82,17.91
1638268.8,21.36
1715924.88,18.82
1767978.9,21.86
1814737.15,24.23
1853235.29,24.64
1873044.9,23.86
1889376.33,25.51
1922672.42,26.15
1907295.76,26.58
1861683.36,26.37
1836599.95,23.52
1846067.74,22.05
1730857.06,21.45
1561472.94,20.63
1399738.47,20.14
1269312.9,15.08
1174174.79,9.37
1111161.84,7.36
1081052.4,5.66
1065880.22,6.67
1076102.26,5.19
1199089.52,0.13
1376856.43,2.58
1549460.77,17.92
1695278.37,18.97
1796851.89,21.21
1869342.12,24.2
1907357.95,22.82
1948853.57,19.04
1993043.23,21.13
2011337.21,19.52
2025513.63,24.95
1997414.85,25.56
1923455.37,25.33
1856018.68,23.78
1868726.66,19.11
1770406.08,29.67
1633362.73,22.51
1484256.58,22.11
1357133.72,18.5
1266811.35,16.96
1199444.03,14.37
1167050.33,6.77
1147177.7,0.39
1137866.97,3.34
1230684.93,2.37
1409260.8,7.96
1599922.79,15.85
1761263.7,17.56
1874512.78,18.18
1957026.6,14.35
2010714.98,14.13
2036889.41,14.38
2028616.12,14.37
2023262.75,15.49
2007057.52,17.62
1999945.38,18.6
1953251.75,20.18
1923905.94,16.66
1950233.99,14.32
1809154.01,15.75
1589130.93,17
1392827.08,15.82
1253577.49,15.77
1177217.02,26.59
1126391.17,14.85
1119891.4,21.19
1144488.71,14.37
1233790.14,20.17
1436827.83,14.1
1566923.5,15.69
1675088.98,15.61
1768769.01,18.87
1847917.16,19.9
1881154.72,21.13
1904301.79,19.6
1920935.71,27.21
1948511.32,27.29
1994497.3,405.74
2022174.96,93.6
2013230.04,41.76
1951527.83,36.45
1870258.4,40.69
1858128.09,27.45
1709723.13,41.39
1497245.09,28.85
1296233.21,18.9
1168155.74,17
1086476.78,32.89
1038424.39,23.51
1032107.51,10.86
1060688.01,10.87
1153915.12,7.29
1341298.63,13.27
1460482.32,17.36
1553941.82,19.9
1639752.58,19.15
1708251.4,23.17
1738641.22,25.17
1764326.69,23.57
1787645.45,27.21
1819915.08,24.21
1860579.29,22.55
1878552.52,34.23
1831627.02,421.32
1765566.12,23.7
1676989.56,24.29
1662735.83,20.49
1524376.36,22.89
1318850.63,17.92
1144811.82,15.9
1038834.28,3.63
974382.39,4.77
937260.16,1.99
952029.76,2.18
968446.96,0
1060211.25,0
1219006.52,1.19
1291327.96,3.64
1348377.54,0
1411059.71,8.08
1449378.59,17.14
1458803.74,14.19
1468488.51,13.91
1474353.36,18.77
1484300.84,20.06
1520259.72,20.74
1535297.67,19.18
1532345.4,19.87
1517052.65,14.33
1486428.35,18.1
1502418.73,20.23
1385738.81,25.82
1214542,23.35
1062047.5,13.22
980027.39,9.95
932450.92,12.96
907722.48,14.37
933315.8,15.6
966159.57,15.47
1065866.32,12.26
1237585.15,17.52
1336541.57,19.34
1384376.6,21.18
1472456.03,21.2
1553876.9,17.6
1619244.63,21.17
1670541.11,37.42
1715396.06,22.05
1762700.97,19.21
1821547.54,20.79
1864919.49,22.62
1891237.86,22.3
1854446.36,22.07
1788457.02,27.02
1770028.96,25.88
1621815.48,27.59
1410121.4,21.7
1230861.44,19.82
1106210.43,46.75
1031198.75,27.41
986884.83,9.46
994889.86,9.46
1007828.68,5.71
1098043.78,5.19
1283948.75,9.64
1393226.88,19.5
1493618.35,22.61
1581645.71,20.98
1646802.58,21.31
1685003.6,22.02
1705617.61,21.76
1720343.61,21.79
1733927.1,21.76
1747173.37,18.25
1776522,23.8
1775118.01,25.22
1707499.64,25.26
1648339.6,25.94
1648442.8,25.39
1537065.22,20.74
1368104.48,22
1209335.53,24.93
1093196.35,13.52
1015077.92,10.16
968647.03,11.59
973360.47,13.64
959043.95,5.89
972964.8,1.99
1072699.04,0.4
1202099.16,3.15
1332850.44,10.42
1448962.64,23.55
1534011.92,17.2
1575465.21,16.25
1592785.28,17.07
1612185.48,17.55
1642277.98,22.2
1677585.01,26.77
1713263.98,23.3
1706143.57,19.5
1617743.24,15.2
1553306.05,15.76
1576827.68,16.76
1486484.78,23.84
1358892.43,19.58
1217566.9,9.65
1103714.27,4.66
1035342.06,1.28
986792.48,0
986389.35,0
982694.03,0
993372.76,0
1044605.02,0
1155920.31,0
1286266.36,0.4
1401696.52,5.16
1474931.96,6.63
1499358.1,31.09
1503225.56,12.44
1534949.09,71.11
1526739.09,25.04
1529993.72,4.66
1560427.54,5.91
1581452.45,4.43
1564558.69,1.58
1532067.75,0
1547830.48,0
1440334.66,2.38
1257245.28,6.46
1102945.37,1.28
996875.23,1.99
946204.91,0
918189.71,-3
933172.21,-3
956562.53,-3
1055061.92,-0.25
1227976.48,0
1323580.88,3.81
1387346.31,4.6
1450081.04,0
1497094.32,0
1528796.51,0
1549739.49,0
1569435.53,0.79
1589637.34,5.9
1633068.38,13.9
1675321.04,13.12
1688451.48,22.75
1650466.86,5.36
1585988.98,10.82
1536836.6,10.14
1395091.26,5.97
1217730.1,38.65
1076299.3,17.17
983458.64,6
935144.29,0.39
914639.89,-0.5
930911.06,0
962295.97,-0.52
1050683.59,0
1211489.68,8.13
1296989.3,16.63
1367992.34,15.15
1414434.69,0
1450654.11,0
1453782.48,0
1463257.93,0
1449562.38,3.22
1454203.33,1.98
1479919.85,5.14
1493720.14,4.71
1490150.76,3.8
1460639.96,0
1434091.65,0
1436578.37,0.48
1323937.96,0
1147273.13,2.87
1009648.34,-0.5
915757.07,-2.35
873297.82,-3.1
855462.06,-3
874027.62,-3.1
899489.52,-3
993982.78,-2.5
1153432.75,-1.1
1220857.59,-1
1268459.53,-3
1314138.2,-3
1352660.4,-0.38
1361486.72,0
1358404.8,0
1354148.31,0
1345528.1,0
1363115.57,4.69
1378602.42,5.3
1392942.39,5.64
1375314.62,1.99
1366056.14,10.41
1383318.73,94.73
1279505.88,17.09
1124728.8,3.67
989695.11,3.09
909681.93,-1.87
869911.39,0.4
854707,-1.47
876071.69,-2.39
905322.67,-0.27
996862.25,3.75
1154654.58,1.32
1222145.83,3.96
1264276.53,6.7
1308655.77,5.89
1343024.49,5.05
1350482.15,4.42
1359372.75,4.95
1356612.77,4.63
1360376.4,0
1387051.2,3.06
1404208.02,3.43
1414235.48,3.2
1398615.05,5.81
1384248.41,12.51
1399719.95,1619.6
1302258.4,1327.89
1138118.91,80.21
1003946.58,-0.25
918253.35,0.02
874981.61,1.71
856303.94,-1.53
873876.13,-4.23
889986.68,-4.11
978891.94,5.63
1124393.71,7.77
1226871.73,4.87
1294541.61,5.9
1358620.5,6.01
1397565.12,16.92
1406126.58,7.37
1414280.84,15.5
1410694,9.87
1403924.43,5.32
1420330.89,4.21
1441798.58,5.71
1446432.74,5.84
1424608.86,8.04
1392164.44,5.95
1407121.12,3.96
1323343.52,3.24
1188741.48,-0.12
1058845.14,-0.37
971138.96,0.22
920332.24,-1.28
890764.96,-3
896871.61,-3
896721.82,-3
907468.93,-3
978805.78,-4.28
1113415.88,-3.27
1238202.83,-2.1
1364762.39,0
1459123.26,2.16
1518768.43,5.9
1547604.22,5.96
1577330.29,9.59
1623885.27,5.91
1682923.61,6.32
1748511.94,6.53
1778245.03,12.96
1761021.8,18.13
1722436.83,15.64
1734167.92,17.65
1682184.4,8.72
1522910.46,7.39
1331232.06,1.86
1173544.42,-0.25
1077316.03,-3.3
1014656.55,-3.92
984707.42,-4.31
936262.2,-4.53
926681.91,-4.81
989586.97,-4.85
1091509.54,-4.83
1188346.76,-4.38
1259506.42,-3.2
1308803.65,-3
1336264.03,-3
1341087.53,-2.29
1330670.58,-3
1329677.52,-2.52
1358213.42,0
1404121.32,0
1431358.84,0.4
1415152.47,3.74
1398447.67,0
1418796.93,3.63
1331201.84,3.7
1172440,5.65
1030886.2,2.98
937252.89,-0.5
891400.32,-2.83
870914.35,-4.28
889587.35,-4.36
907576.22,-4.33
999515.46,-3.5
1162213.08,2.08
1250288.21,21.17
1306152.31,13.68
1367634.62,17.76
1416475.5,14.46
1438474.46,14.38
1432041.52,17.92
1425797.46,16.18
1433504.66,4.85
1446626.02,5.18
1455029.37,5.83
1442491.83,13.64
1429634.32,7.38
1403174.96,11.09
1414408.32,13.06
1313017.4,17.27
1149821.49,19.48
1012624.23,10.29
920370.85,7.46
877734.78,5.62
860132.48,1.76
879155.28,-1.3
897660.16,-1.3
994010.03,2.42
1154021.76,3.3
1232679.45,5.72
1287055.8,5.3
1340687.25,4.13
1377546.45,5.98
1389012.78,5.94
1397818.18,1.87
1404820.45,2.42
1421000.41,5.77
1456498.13,5.88
1490979.69,15.88
1496652.22,17.57
1475874.1,22.04
1446674.12,46.3
1446529.46,13.67
1340325.84,29.07
1164539.93,26.22
1023934.18,16.09
936632.32,8.49
893276.94,5.77
871061.08,2.5
889334.29,-0.85
908830.44,-0.25
1005066.09,0
1167716.23,0.94
1267935.58,0.14
1341604.89,0
1406561.79,2.97
1464875.25,6.37
1487430.64,22.23
1504129.63,23.93
1524848.89,25.1
1525077.04,23.69
1536331.66,30.36
1543588.55,13.88
1539915.58,14.36
1515367.21,10.54
1503048.9,10.37
1486919.57,5.94
1363090.55,9.56
1202764.31,5.56
1062940.35,3.21
974643.41,1.97
929597.22,-0.5
909087.29,0
927569.01,-0.25
956256.34,-0.75
1050251.89,-0.25
1216668.41,0.05
1318198.92,4.28
1404214.87,5.35
1490369.73,14.2
1528705.89,6.64
1535166.08,9.41
1557424.35,10.9
1581519.97,12.29
1610231.85,18.17
1648569.46,20.26
1658089.6,22.39
1670106.26,18.35
1658115.44,22.97
1618056.42,67.08
1621676.04,57.99
1526078.52,12.95
1342594.42,20.22
1177039.1,7.8
1060280.21,5.57
988743.67,4.76
954446.59,2.92
961398.66,0
973797.21,0
1072268.37,1.98
1259652.38,8.8
1399139.49,8.89
1519827.98,40.73
1628704.77,44.56
1705924.87,61.23
1728402.3,19.44
1747811.1,16.17
1770888.87,16.55
1804021.4,23.82
1857139.2,50.33
1899981.34,68.91
1916352.04,73.9
1893585.67,82.78
1832780.3,34.41
1815482.55,25.65
1717223.61,23.38
1533678.75,19.89
1360686.11,11.71
1227052.7,14.1
1133491.21,8.73
1071470.08,20.12
1050825.27,11.53
1018796.07,6.63
1038648.74,5.45
1160773.92,3.84
1334164.86,5.79
1511378.71,8.7
1669442.1,13.24
1778332.64,15.72
1852694.57,24.25
1884886.69,25.2
1918542.17,25.64
1946021.5,24.82
1964504.04,24.44
1973240.55,23.98
1961977.78,25.1
1915759.54,26
1835615.64,25.47
1826773.7,24.58
1746229.07,21.64
1596934,19.86
1434668.53,20.42
1295448.74,12.42
1199143.01,10.25
1137546.36,9.67
1114951.91,4.79
1075762.33,2.41
1066173.05,-3.12
1152025.73,-4.23
1317758.6,-4.35
1500641.17,-0.54
1652272.56,9.27
1767390.87,18.02
1855510.71,21.1
1907835.68,19.88
1959472.01,19.52
2008923.73,20.26
2063460.65,24.73
2100145.35,27.79
2111748.22,26.23
2087476.73,24.95
2062221.34,38.79
2088493.81,33.49
1989272.77,22.93
1790185.33,11.65
1579019.05,6.67
1414409.39,0
1313832.59,1.99
1256258.02,8.79
1240722.26,0
1237976.3,0
1329401.48,0
1527371.87,5.67
1680952.24,13.85
1810527.02,18.84
1930999.17,26.52
2042196.55,19.23
2126754.89,16.76
2172432.08,15.53
2214354.56,17.11
2243463.66,18.88
2321475.23,24.12
2350174.56,22.84
2374842.45,24.07
2367211.27,27.08
2294872.64,24.16
2239204.15,24.46
2030753.76,24.94
1726216.88,23.56
1474717.55,13.95
1296589.08,3.3
1188927.26,1.9
1124308.7,14.35
1109706.79,19.36
1101475.76,13.66
1177221.5,13.67
1347867.83,9.32
1459060.31,24.57
1537872.71,23.53
1618699.41,24.98
1676807.41,25.03
1711044.18,25.76
1754265.47,23.4
1775315.47,21.77
1783257.27,19.89
1813375.71,21.32
1837694.42,33.49
1831834.13,32.36
1799563.97,29.03
1743675.3,28.52
1732919.48,24.52
1609059.41,24.72
1409954.53,39.97
1232744.84,19.12
1125052.49,3.29
1061030.78,2.3
1017199,4.29
1022437.6,2.49
1037396.79,10.35
1129764.99,13.56
1302871.07,16.03
1408104.06,25.15
1492475.8,24.87
1561442.81,19.44
1611682.14,15.77
1640357.26,9.91
1658372.67,14.62
1689511.82,25.86
1720872.1,26.17
1770042.64,28.35
1795730.87,29.12
1799309.31,29.26
1756955.06,28.9
1682139.87,32.37
1645803.4,26.18
1538550.31,26.08
1349037.7,18.45
1175120.31,20.18
1064079.08,10.29
999136.94,12.96
967060.18,19.42
975466.45,12.95
991569.9,12.27
1080656.92,12.87
1252624.77,7.56
1352944.36,17.49
1440011.92,13.31
1523794.15,14.72
1589134.09,25.71
1599635.85,25.85
1616607.74,26.57
1626897.81,24.68
1617177.85,25.93
1647053.94,27.83
1694692.68,27.59
1718093.74,28.06
1693206.38,27.37
1632464.29,29.82
1602854.19,26.27
1506254.37,32.21
1321700.77,24.59
1165529.15,20.01
1059376.68,17.46
993697.58,23.69
960178.22,9.6
970586.79,12.77
986658.1,14.37
1072368.85,14.46
1246210.35,7.03
1375388.99,22.32
1480510.68,23.81
1583168.66,24.66
1650187.4,22.55
1696037.34,21.36
1723486.55,19.95
1745232.16,17.25
1776585.17,23.73
1822036.15,24.36
1864717.26,29.2
1871266.43,55.74
1819448.95,29.94
1725884.5,31.33
1689045.86,25.22
1588336.09,24.99
1427454.79,21.91
1266726.09,20.94
1138855.02,16.47
1063017.68,20.44
1011560.85,13.67
1003203.05,14.37
979483.82,14.37
998214.04,9.16
1108837.64,7.6
1267044.23,7.27
1430922.76,12.05
1558179.8,22.53
1656057.83,24.38
1705171.05,25.92
1733900.81,25.92
1758220.37,26.07
1787257.37,29.52
1825340.75,29.45
1873228.19,28.51
1880347.12,28.64
1815397.02,30.34
1720094.83,30.34
1689344.83,28.23
1607347.51,25.12
1461909.94,20.79
1322921.62,16.3
1195289.05,14.56
1111739.94,9.37
1051578.54,12.01
1041052.61,0.39
1010675.63,0
1008957.89,-0.54
1100723.33,-1.52
1268243.44,-1
1445599.37,1.31
1619594.93,14.86
1765290.29,23.32
1871151.09,24.15
1931505.98,25.01
1998973.97,25.16
2024157.47,25.85
2028403.09,26.95
2057455.45,25.25
2080041.42,26.7
2066702.35,27.19
2047517.7,29.05
2076887.96,29.26
1925187.38,71.93
1723059.65,42.35
1536449.4,28.34
1406115.55,22.59
1317670.49,33.15
1269169.82,36.41
1268228.26,28.32
1285441.99,16.39
1371971.78,12.27
1580476.94,6.89
1740445.1,24.99
1878510.21,24.84
2001894.79,27.11
2101191.53,34.6
2164754.56,34.74
2204371.25,34.61
2236747.6,31.89
2281252.79,26.05
2337540.89,28.77
2381938.87,29.09
2386527.23,31.22
2321577.72,28.59
2228506.09,27.06
2154530.09,24.63
1974827.6,25.82
1737022.04,27.52
1526099.36,33.25
1369266.68,63.48
1271617.17,18.76
1204823.87,12.82
1185412.3,12.96
1171453.26,24.04
1238222.89,25.97
1403633.16,18.35
1490532.01,23.81
1535673.14,24.28
1585995.04,21.06
1642656.27,18.72
1697333.89,18.72
1708125.51,18.69
1712234.82,20.07
1717016.2,22.05
1727508.98,27.31
1720006.34,17.78
1680972.62,17.13
1621054.15,16.58
1568947,23.63
1543229.36,26.65
1441553.05,28.33
1271857.1,29.24
1119618.62,17.17
1020934.82,7.79
966204.72,12.06
938658.74,10.55
955212.59,5.19
981435.53,5
1061067.03,13.67
1230087.21,13.16
1346187.8,17.71
1435444.25,11.57
1518833.48,15.53
1582499.9,20.56
1586805.95,27.57
1616141.56,27.47
1643072.1,20.67
1662198.63,20.67
1719500.41,23.67
1762361.12,25.68
1777347.51,31.21
1745463.43,40.23
1681974.62,31.4
1655682.25,25.19
1544357.53,23.82
1358030.07,24.37
1177316,26.28
1051807.54,33.39
990062.36,22.93
957682.05,13.97
961143.02,11.65
972926.93,3.89
1049022.93,12.84
1203013.95,19.95
1331504.32,24.48
1449103.75,26.23
1531271.6,27.35
1592419.45,27.62
1620694.85,27.29
1643127.71,27.35
1664273,23.73
1694506.57,19.88
1729444.76,27.26
1766331.06,26.74
1766806.52,28.87
1714080.13,30.93
1636984.69,27.78
1612519.38,24.72
1519953.36,26.34
1367347.31,23.67
1211355.6,15.4
1093000.8,2.4
1018288.36,0.79
974295.37,10.68
969376.05,3.61
953396.69,0
951754.89,0
1010063.67,0
1102461.22,0.15
1197299.69,4.63
1262589.02,8.51
1321127.01,14.37
1363765.6,10.88
1361373.11,6.5
1342817.15,0
1344082.19,0
1351827.72,0
1376187.4,0
1359732.48,0
1322422.36,0
1285279.56,0.39
1274361.42,2.38
1218654.24,5.14
1125701.91,5.11
1029135.06,9.94
945537.18,19
892973.01,5.89
863260.14,3.8
870032.95,0.78
853266.49,0.39
858940.54,-0.76
930367.76,-2
1033020.92,-1.6
1134907.78,4.18
1219494.55,5.29
1289065.22,6.62
1331013.39,10.9
1348178.19,6.04
1356606.42,4.39
1370433.68,0
1386426.56,0
1412448.12,4.59
1425430.63,9.49
1386776.28,32.84
1361602.6,92.03
1370108.21,93.4
1320419.34,14.37
1217518.21,16.24
1099424.4,13.86
1003745.79,5.67
938103.67,0.4
900604.92,-2.5
898632.86,-4.2
873533.4,-3.5
868770.51,-4.28
932260.08,-4.3
1039093.42,-4.15
1157630.32,0.03
1273158.07,1.54
1372873.82,10.18
1429066.87,7.28
1452834.9,18.43
1469604.39,14.37
1509483.25,10.2
1561647.66,24.46
1619721.66,25.66
1652034.12,27.19
1625039.04,25.79
1601427.1,27.23
1614798.64,26.97
1535799.84,25.6
1372761.17,37
1207297.65,58.67
1086349.33,26.51
1009335.72,12.37
966441.52,15.45
969856.02,12.8
975223.3,18.04
1040970.88,3.76
1199221.88,10.07
1342022.86,12.18
1463188.77,16.33
1563095.27,26.36
1643358.66,25.68
1700084.36,19.76
1745068.42,24.89
1784072.93,25.24
1830191.55,27.55
1882343.05,29.62
1926030.1,34.04
1933191.64,48.83
1874816.38,30.83
1802576.91,32.14
1758968.04,27.89
1650149.33,26.96
1455128.26,23.46
1285183.77,15.2
1182294.01,12.54
1109285.76,23.37
1066264.48,11.98
1074140.08,22.02
1087738.73,12.9
1159808.57,12.47
1335664.32,4.75
1497341.43,6.35
1641421.72,23.36
1775740.49,25.23
1878393.01,26.49
1953251.55,26.13
1992765.67,30.84
2029632.96,31.38
2079914.05,31.77
2118079.91,33.04
2177873.13,33
2214850.82,35.69
2186467.79,54.7
2126864.23,60.09
2099134.18,73.94
1972817.62,39.78
1757302.05,32.13
1549686.54,26.2
1398092.02,24.67
1294925.75,30.23
1221089.93,20.89
1213142.34,21.56
1210328.68,21.81
1289882.19,25.86
1488005.24,18.34
1665462.16,22.34
1818368.3,26.29
1961659.9,61.24
2060265.63,58.18
2115913.64,29.31
2166780.48,37.15
2218726.91,37.3
2267472.62,37.97
2309492.75,54.61
2327180.92,58.01
2295755.12,32.33
2218659.07,27.88
2193072.79,29.1
2201212.42,31.91
2068940.28,49.81
1872030.34,32.72
1694422.19,27.38
1553412.09,28.51
1448099.87,20.15
1383540.87,14.55
1373031.86,35.38
1375807.32,14.39
1439175.25,23.43
1628888.98,17.3
1799251.91,26.59
1941913.26,32.2
2074887.14,40.11
2177269.56,32.82
2249552.79,36.73
2275199.06,50.75
2180621.61,47.51
2198160.73,37.1
2268284.94,40.59
2318013.88,54.37
2321295.29,51.48
2268514.05,50.28
2229239.79,42.39
2213313.32,40.31
2077805.06,42.7
1850291.25,34.17
1639291.54,25.23
1490291.69,20.38
1392143.63,20.77
1320304.17,9.6
1307424.11,11.59
1325704.57,10.03
1393234.92,21.54
1529078.06,24.9
1634527.75,24.59
1713703.22,26.87
1793899.68,27.4
1884447.06,28.99
1955038.95,30.43
2007977.01,30.15
2053588.7,31.46
2091554.06,30.39
2114258.37,30.17
2153781.72,30.38
2155429.99,30.39
2037571.22,29.42
1989182.87,28.07
1952470.88,27.5
1835213.95,26.86
1662569.98,23.83
1485267.88,14.12
1358348.94,2.48
1269474.59,2.02
1213990.98,3.24
1204291.5,0
1187795.22,0
1184100.1,-2.88
1252623.81,-1.86
1381684.73,-0.1
1554608.5,5.8
1690537.38,19.1
1755704.08,14.38
1773290.02,14.38
1762098.67,10.17
1769244.23,5.94
1797225.71,7.39
1787654.09,5.95
1745983.84,6.01
1717046.83,5.98
1664947.05,6.01
1618329.01,14.37
1629002.94,19.13
1565365.1,12.97
1438351.79,12.93
1292618.86,4.78
1186636.26,-1.11
1101811.12,-3.77
1041357.95,-4.45
1027397.24,-4.51
1003676.43,-4.49
995430.92,-4.6
1074818.3,-4.6
1207179.71,-4.03
1344635.83,-2.69
1468433.96,-1.05
1574644.27,7.68
1634218.44,10.88
1666972.54,21.1
1699230.36,26.2
1748691.24,26.23
1797238.81,22.45
1836915.22,25.47
1862176.45,25.01
1815354.94,24.88
1768461.62,23.86
1786924.35,25.24
1702267.82,25.27
1519366.43,32.2
1338073.43,28.61
1193785.51,15.48
1107136.7,19.95
1059782.78,10.85
1068173.3,5.13
1085866.13,5.39
1164601.65,8.57
1320323.21,10.87
1437631.09,16.89
1548759.59,15.16
1648076.93,16.86
1731580.05,19.81
1813298.75,25.45
1862098.07,24.72
1842815.02,26.08
1836561.05,26.3
1887786.52,26.08
1933206.51,26.15
1910461.83,26.13
1810120.64,23.76
1753076.47,19.2
1740595.42,24.47
1626737.12,17.2
1430708.99,15.23
1273737.66,6.19
1152702.75,-0.61
1090921.79,-4.12
1054683.42,-3.99
1071880.39,-4.43
1105504.49,-4.36
1179884.3,-3
1344901.78,1.91
1484120.85,6.27
1589851.68,15.65
1722088.82,17.83
1844060.24,18.21
1931416.44,18.58
2016255.83,18.18
2096368,18.6
2153969.08,23.92
2208132.94,27.56
2252522.2,27.43
2268052.45,26.3
2207652.54,25.9
2137748.25,28.8
2132696.91,28.63
2011347.32,30.62
1797109.13,25.2
1590414.65,20.1
1451842.88,29.43
1354682.81,23.41
1291056.79,13.99
1291541.37,1.83
1310127.78,10.99
1388983.38,28.04
1556957.03,25.27
1736330.86,24.05
1858430.02,24.9
1990676.42,26.17
2144704.58,30.3
2251699.03,35.65
2311674.75,36.71
2362247.72,34.67
2403965.16,34.8
2456279.69,43.11
2501496.49,51.8
2503796.09,538.33
2440176.54,31.83
2375900.23,32.58
2371726.54,30.05
2244068.84,31.36
2026984.57,31.25
1817500.1,28.9
1583220.05,23.7
1468258,8.17
1406082.82,4.52
1391052.23,0.39
1396853.46,0
1458097.47,0.54
1596951.01,11.69
1699285.3,10.73
1769753.66,17.3
1856330.19,18.24
1933710.58,18.8
1980696.89,25.25
2015315.05,23.86
2083650.59,21.01
2145004.8,18.04
2181628.57,18.3
2224067.12,18.65
2220712.77,19.64
2139772.07,21.17
2078357.34,22.87
2030111.75,26.2
1868905.98,25.21
1657759.84,28.19
1471829.49,23.19
1338273.82,26.3
1251217.27,37.96
1186351.42,8.95
1184270.43,0.78
1191946.07,0
1262135.94,0
1436515.88,6.47
1585072.01,6.49
1727080.01,17.58
1848025.08,18.48
1932408.91,25.25
1952222.21,25.43
1898431.69,17.94
1896194.36,18.62
1897255.84,17.92
1893564.99,16.39
1884073.99,16.68
1863605.23,17.53
1748511.08,17.54
1662899.29,17.53
1635415.73,15.53
1531976.81,20.3
1361399.22,20.29
1218405.98,12.49
1102090.89,1.61
1035343.61,0.03
990812.61,-3.18
993125.35,-4.1
986935.63,-4.2
978775.18,-4.1
1046302.63,-4.15
1156570.42,-3.47
1266416.51,2.53
1349944.51,1.59
1403579.77,5.9
1433057.85,15.25
1439906.88,5.48
1449039.87,5.7
1458653.06,7.39
1466676.83,8.13
1484948.2,5.94
1492995.03,6.28
1458343.77,21.03
1412786.33,64.38
1434407.64,18.61
1370070.76,14.37
1257729.27,21.1
1143503.42,5.56
1043995.17,2.28
978846.08,-4.21
935820.07,-4.27
938859.66,-4.38
921776.61,-4.6
909418.74,-4.71
977000.2,-4.78
1093251.5,-4.53
1216489.58,-4.21
1326636.38,-2.3
1423734.07,4.83
1483919.15,4.39
1511824.08,4.34
1525782.59,0
1559076.02,0.78
1589642.93,13.66
1593188.16,5.7
1588311.08,5.86
1531194.34,4.24
1532063.59,0
1580749.68,0
1516089.78,5.82
1373990.78,12.36
1233294.91,0.39
1140058.77,-0.02
1094332.27,-0.78
1079200.9,-2.77
1108420.36,-3
1145685.33,-1.32
1237835,0
1445057.24,4.87
1636072.95,24.16
1791388.65,47.18
1903481.45,48.21
1998398.06,38.21
2043764.45,32.8
2069439.11,22.77
2084277.22,25.28
2103761.79,26
2122843.73,33.25
2139589.77,42.93
2112360.82,30.93
2011875.1,31.97
1907224.02,37.16
1854561,62.01
1699853.1,47.06
1490047.76,26.71
1296421.6,20.95
1166298.49,16.8
1077060.21,7.31
1027556.81,-0.69
1030294.28,-3.94
1045688.94,-4.13
1107140.17,-4.12
1262547.06,10.61
1385380.68,13.81
1485695.55,14.38
1579731.04,11.7
1661634.47,13.55
1695090.14,21.14
1702901.54,18.29
1708349.44,14.37
1731944.41,9.59
1774670.42,21.82
1827628.38,19.82
1841192.93,22.83
1772932.74,23.04
1692747.83,21.61
1673251.04,24.57
1544646.43,18.45
1357572.11,16.49
1192317.83,13.35
1075865.51,4.95
1005220.84,3.24
964248.63,-3.19
975872.16,-3.84
1003802.85,-3.75
1062632.36,-2.11
1215261,-3.41
1336446.09,-3.14
1435647.67,-1.25
1543815.76,4.05
1606323.72,-0.02
1655846.27,0
1700949.59,-1.55
1739524.95,5.88
1784991.43,0.99
1848815.1,2.61
1907744.3,15.13
1924273.32,18.21
1873844.33,17.65
1810331.12,18.24
1803700.54,16.66
1692460.08,17.73
1501797.1,13.11
1326582.88,7.28
1202005.27,-1.5
1124334.14,-1.26
1073499.69,-0.52
1078633.05,-1.28
1101120.16,-0.78
1164477.92,-2.25
1345766.88,-0.25
1506079.71,6.86
1649357.87,11.79
1788087.24,20.82
1904919.54,24.73
1989641.25,25.36
2077363.56,25.23
2135485.43,23.39
2170141.1,25.68
2207071.57,24.96
2248956.56,22.92
2240002.06,22.02
2200188.99,17.65
2191182.86,20.31
2218340.42,24.74
2109625.9,25
1910955.43,40.83
1709818.86,29.57
1565566.19,44.05
1460793.81,31.84
1387068.76,17.06
1371708.41,16.19
1368977.71,14.37
1427670.52,13.74
1616291.76,16.2
1806336.15,21.07
1981837.37,31.07
2141153.04,34.58
2261675.87,34.91
2331054.53,33.78
2363782.43,32.53
2395989.75,27.86
2428431.26,27.05
2466420.32,28.11
2495833.5,29.75
2483883.16,31.03
2403129.17,30.11
2313198.59,31.22
2284397.31,223.54
2157067.62,174.1
1962368,32.7
1768003.8,27.53
1620780.31,22.05
1504493.02,40.85
1409386.18,22.73
1379115.08,16.32
1346696.64,14.38
1326996.12,23.35
1442913.16,21.72
1620407.65,24.83
1812986.42,27.34
1977419.42,36.18
2094191.87,35.43
2169224.89,35.35
2205019.25,36.07
2218666.21,36.09
2246763.79,36.08
2273013.29,41.72
2298178.3,48.1
2289395.97,49.99
2197992.93,204.3
2108264.46,191.77
2089400.53,32.21
1982308.88,31.57
1832920.45,29.38
1665513.91,28.24
1516935.38,20.82
1409882.39,13.78
1329701.34,9.81
1301813.78,4.57
1264434.4,2.07
1237439.87,-0.31
1308271.86,-0.03
1444565.5,0.92
1532660.63,3.23
1606613.99,6.33
1679992.38,8.3
1768731.18,4.1
1849271.14,27.5
1863514.75,30.43
1844029.67,32.76
1839177.11,32.29
1860977.45,18.85
1901622.81,22.66
1855000.12,24.21
1836814.88,24
1870904.91,27.33
1776039.56,34.48
1607817.58,26.64
1441033.78,12.98
1327643.25,20.52
1258580.84,5.34
1222954.86,0
1245885.36,0
1269575.61,0
1358442.36,0
1487287.4,6.38
1616485.09,15.63
1689327.31,29.47
1767215.19,32.54
1838487.56,32.63
1895800.3,31.08
1997632.23,32.95
2082063.79,35.6
2154728.68,30.92
2220134.17,30.7
2272627.71,29.48
2277719.72,29.08
2205322.23,29.87
2127352.14,29.4
2110609.45,29.84
1972985.87,30.52
1752308.45,29.1
1532131.89,26.53
1371725.74,21.25
1265148.55,1.18
1193907.52,8.05
1183687.38,4.84
1191064.43,0.39
1241022.03,8.72
1407351.35,4.54
1550491.7,23.54
1675514.7,28.32
1804796.71,32.17
1901858.09,31.53
1970274.58,32.4
2013115.89,35.59
2041935.98,36.56
2083767.96,37.35
2135574.8,45.98
2182454.99,42.06
2188799,52.83
2142926.65,40.4
2088294.75,33.8
2078643.81,30.42
1934174.08,32.33
1719177.29,34.7
1513896.81,26.75
1349382.3,22.7
1256054.45,13.32
1185172.34,10.62
1178638.33,11.34
1189423.29,10.67
1247829.85,26.48
1417827.3,11.77
1579651.2,18.2
1731565.7,27.38
1881636.18,34.48
2017873.24,32.96
2106990.36,36.83
2188968.73,58.09
2260069.29,36.33
2322475.7,36.33
2375484.71,36.52
2360463.56,35.55
2268346.52,32.8
2169242.94,32.3
2101906.21,32.11
2084957.75,31.05
1956715.45,36.67
1762789.89,33.02
1572073.84,31
1428829.1,29.63
1335660.21,27.19
1281083.03,37.36
1280622.67,17.65
1302135.69,22.87
1358131.61,19.84
1508380.67,17.81
1673179.99,25.25
1792030.34,26.81
1913705.17,35.35
2020389.01,35.86
2085787.39,37.76
2111616.23,60.25
2138586.68,49.93
2182486.79,63.69
2218225.32,91.12
2216979.51,69.61
2180837.66,42.78
2118760.89,33
2097672.12,32.92
2109447.57,33.84
1966345.35,32.84
1726007.38,33.6
1535616.24,25.12
1389466.16,27.33
1300899.89,22
1238772.93,11.24
1224027.03,12.77
1224183.67,2.38
1259826.16,4.01
1393012.7,17.78
1525977.86,16.88
1634615.69,24.37
1702800.1,28.54
1786523.41,26.96
1867148.22,28.54
1893284.02,27.09
1900709.68,28.79
1933120.67,30.85
1964952.86,27.31
1973180.93,27
1936179.38,28.85
1857615.46,31.85
1807463.82,32.04
1813561.1,31.33
1702019.79,30.55
1537484.23,20.81
1371533.14,18.45
1249071.99,12.88
1160820.52,7.93
1099468.01,2
1089677.04,1.95
1081392.6,0
1077372.08,0
1127794.7,0
1224549.65,1.62
1323302.01,1.19
1408016.05,4.49
1476717.73,0
1539970.83,7.99
1568503.76,19.95
1597385.58,25.62
1626491.78,25.65
1653425.75,10.18
1683680.01,21.2
1677733.82,27.58
1608512.52,28.47
1560772.23,13.11
1575531.11,13.1
1510368.33,12.97
1397375.43,20.09
1278344.8,21.13
1179070.25,16.62
1107661.85,8.69
1060458.2,0.39
1050837.46,-0.52
1040225.67,-4.1
1027951.11,-4.1
1066790.92,-4.1
1155764.66,-0.06
1263973.03,3.71
1352333.52,15.5
1424385.59,12.81
1462397.79,13.09
1473013.28,11.62
1464391.16,25.65
1460190.76,25.57
1471354.67,26.14
1535040.57,28.56
1555201.97,29.63
1482075.27,23.75
1464540.89,10.92
1497609.94,13.67
1427712.44,28.78
1315301.39,43.82
1204251.82,22.86
